Article_ID;DOI;Year;Authors;Title;Journal;Volume_pages;Species;Organ/material;Corpus_status;Chemical_scope;Key_result;Source_file;Genus_count_master;Species_count_master;Taxonomic_unit_count_master;Organ_primary_count_master;Presence_record_count_master;Chemical_entity_count_master;Exact_structure_count_master;Chemical_domain_count_master;Chemical_class_count_master
L01;10.1080/14786419.2011.587188;2012;Kassem et al.;A sulphated flavone glycoside from Livistona australis and its antioxidant and cytotoxic activity;Natural Product Research;26(15):1381-1387;Livistona australis;Leaves;Include;Isolation / structure elucidation;"15 flavonoids isolated; one new sulphated tricin glycoside";kassem2011.pdf;1;1;1;1;15;15;11;1;2
L03;10.1002/ptr.4777;2013;Michael et al.;Bioactivity of diosmetin glycosides isolated from the epicarp of date fruits, Phoenix dactylifera, on the biochemical profile of alloxan diabetic male rats;Phytotherapy Research;27:699-704;Phoenix dactylifera;Fruit epicarp;Include;Isolation / bioactivity;Two new diosmetin glycosides isolated;Phytotherapy Research - 2012 - Michael - Bioactivity of Diosmetin Glycosides Isolated from the Epicarp of Date Fruits.pdf;1;1;1;1;2;2;0;1;1
L04;10.1007/s10600-009-9427-6;2009;Boaventura & Galotta;Polar constituents of Euterpe precatoria roots and their plant growth activity;Chemistry of Natural Compounds;45(5):700-701;Euterpe precatoria;Roots;Include;Isolation / plant growth activity;Two alkyl glucosides and three sugar mixtures isolated;s10600-009-9427-6.pdf;1;1;1;1;5;5;0;1;1
L05;10.1016/j.fitote.2011.09.020;2012;Zeng et al.;Bioactive phenolics from the fruits of Livistona chinensis;Fitoterapia;83:104-109;Livistona chinensis;Fruits;Include;Isolation / structure elucidation;"15 phenolics isolated; four reported as new";1-s2.0-S0367326X11002577-main.pdf;1;1;1;1;15;15;12;2;5
L06;10.1016/j.foodchem.2009.03.002;2009;Kuhnle et al.;Phytoestrogen content of fruits and vegetables commonly consumed in the UK based on LC-MS and 13C-labelled standards;Food Chemistry;116:542-554;"Cocos nucifera; Phoenix dactylifera";Fruit-derived foods;Include;Targeted quantitative food analysis;Eight phytoestrogens assessed in coconut and date products;1-s2.0-S030881460900291X-main.pdf;2;2;2;1;16;8;8;1;2
L07;10.1016/j.phytochem.2010.01.013;2010;Lam & Lee;Unusual stilbenoids and a stilbenolignan from seeds of Syagrus romanzoffiana;Phytochemistry;71:792-797;Syagrus romanzoffiana;Seeds;Include;Isolation / structure elucidation;Three new compounds plus known phenylpropanoids;1-s2.0-S0031942210000208-main.pdf;1;1;1;1;7;7;2;1;4
L08;10.1155/2013/412851;2013;Liu et al.;Peroxidase as the major protein constituent in areca nut and identification of its natural substrates;Evidence-Based Complementary and Alternative Medicine;2013:412851;Areca catechu;Seed (areca nut);Include;Protein purification / LC-MS/MS;"Peroxidase purified; phenolic substrates investigated";Evidence-Based Complementary and Alternative Medicine - 2013 - Liu - Peroxidase as the Major Protein Constituent in Areca.pdf;1;1;1;1;3;3;1;1;2
L09;10.1002/jsfa.6081;2013;Chavan & Singhal;Separation of polyphenols and arecoline from areca nut (Areca catechu L.) by solvent extraction, its antioxidant activity, and identification of polyphenols;Journal of the Science of Food and Agriculture;93:2580-2589;Areca catechu;"Marketed areca nut; anatomical fraction not stated";Include;Extraction optimization / HPLC / LC-MS;Catechin, epicatechin and arecoline reported;J Sci Food Agric - 2013 - Chavan - Separation of polyphenols and arecoline from areca nut Areca catechu L by solvent.pdf;1;1;1;1;3;3;1;2;2
L10;10.1111/j.1750-3841.2012.02653.x;2012;Yuan et al.;Alkaloids from Areca (Betel) Nuts and Their Effects on Human Sperm Motility In Vitro;Journal of Food Science;77(4):T70-T78;Areca catechu;Husk and kernel;Include;Validated quantitative HPLC / bioactivity;Arecoline, arecaidine and guvacine quantified in 12 locations;Journal of Food Science - 2012 - Yuan - Alkaloids from Areca Betel Nuts and Their Effects on Human Sperm Motility In.pdf;1;1;1;2;6;3;3;1;1
L11;10.1207/S15327914NC5402_5;2006;Thompson et al.;Phytoestrogen content of foods consumed in Canada, including isoflavones, lignans, and coumestan;Nutrition and Cancer;54(2):184-201;Phoenix dactylifera (food identity);Dried dates;Include;Targeted quantitative food analysis;Nine phytoestrogens quantified in dried dates by GC-MS;EBSCO-FullText-08_11_2026.pdf;1;1;1;1;9;9;8;1;2
L12;10.1016/j.bmc.2005.08.059;2006;Ohtsuki et al.;Steroidal saponins from Calamus insignis, and their cell growth and cell cycle inhibitory activities;Bioorganic & Medicinal Chemistry;14:659-665;Calamus insignis;Stems;Include;Isolation / structure elucidation;"Five steroidal saponins isolated; compounds 2-5 new";1-s2.0-S0968089605008382-main.pdf;1;1;1;1;5;5;0;1;1
L13;10.1248/CPB.55.308;2007;Yoshikawa et al.;Medicinal flowers. XII. New spirostane-type steroid saponins with antidiabetogenic activity from Borassus flabellifer;Chemical & Pharmaceutical Bulletin;55(2):308-316;Borassus flabellifer;Male flowers;Include;Isolation / structure elucidation;Six new borassosides and 23 known constituents isolated;55_308.pdf;1;1;1;1;29;29;12;1;2
L14;10.1016/j.phytochem.2007.12.004;2008;Lam et al.;alpha-Glucosidase inhibitors from the seeds of Syagrus romanzoffiana;Phytochemistry;69:1173-1178;Syagrus romanzoffiana;Seeds;Include;Isolation / structure elucidation;"Eight compounds isolated; 13-hydroxykompasinol A and scirpusin C new";1-s2.0-S0031942207007200-main.pdf;1;1;1;1;8;8;5;1;2
L15;10.1021/JF801792N;2008;Chin et al.;Lignans and other constituents of the fruits of Euterpe oleracea with antioxidant and cytoprotective activities;Journal of Agricultural and Food Chemistry;56:7759-7764;Euterpe oleracea;Processed fruit pulp;Include;Isolation / spectral comparison;"Twenty-two known compounds isolated; lignans reported from the fruit for the first time";jf801792n.pdf;1;1;1;1;22;22;16;2;7
L16;10.1016/j.chroma.2008.09.007;2008;Sousa et al.;Flavylium chromophores as species markers for dragon's blood resins from Dracaena and Daemonorops trees;Journal of Chromatography A;1209:153-161;Daemonorops draco (WCVP: Unplaced destination);Fruit-surface resin / commercial and historical resin;Include - taxonomic limitation;Targeted HPLC-DAD authentication;Dracorhodin validated as the main flavylium marker of Daemonorops resin;1-s2.0-S0021967308015331-main.pdf;0;0;1;1;1;1;1;1;1
L17;10.1002/HLCA.200900086;2009;Nakashima et al.;Novel flavonoids in dragon's blood of Daemonorops draco;Helvetica Chimica Acta;92:1999-2008;Daemonorops draco (WCVP: Unplaced destination);Commercial resin;Include - taxonomic limitation;Isolation / structure elucidation;"Thirteen compounds isolated; six new natural products or first natural occurrence";Helvetica Chimica Acta - 2009 - Nakashima - Novel Flavonoids in Dragon s Blood of Daemonorops draco.pdf;0;0;1;1;13;13;3;1;2
L18;10.1080/14786410902809229;2009;Escalante-Erosa et al.;Skimmiwallinin, an additional skimmiwallinol derivative from the cuticular wax of Cocos nucifera;Natural Product Research;23(10):948-952;Cocos nucifera;Leaf pinnae cuticular wax;Include;Isolation / GC-MS / NMR comparison;"Skimmiwallinin newly reported from coconut wax; three known major wax components also confirmed";escalante-erosa2009.pdf;1;1;1;1;4;4;0;1;1
L19;10.1016/j.phytochem.2009.06.006;2009;Lin et al.;Neural cell protective compounds isolated from Phoenix hanceana var. formosana;Phytochemistry;70:1173-1181;Phoenix hanceana var. formosana -> Phoenix loureiroi;Leaves;Include;Isolation / spectral comparison;"Ten flavonoids isolated; three showed neuroprotective activity";1-s2.0-S0031942209002428-main.pdf;1;1;1;1;10;10;6;1;3
L20;10.1016/j.jchromb.2005.09.026;2005;Ge et al.;Identification of kinetin and kinetin riboside in coconut water using LC-MS/MS, HPLC and capillary electrophoresis;Journal of Chromatography B;829:26-34;Cocos nucifera;Young fruit liquid endosperm (coconut water);Include;Targeted identification / quantification;First report of kinetin and kinetin riboside in fresh young coconut water;1-s2.0-S1570023205006677-main.pdf;1;1;1;1;2;2;2;1;1
L21;10.1016/S0031-9422(98)00016-8;1998;Holdsworth, Jones & Self;Volatile Alkaloids from Areca catechu;Phytochemistry;48(3):581-582;Areca catechu;Seeds of green immature fruits;Include;GC-MS profile of volatile bases;"Eight volatile bases account for about 98% of the isolated mixture; arecoline is predominant";1-s2.0-S0031942298000168-main.pdf;1;1;1;1;8;8;6;1;2
L22;"10.1002/(SICI)1099-1565(199909/10)10:5<247::AID-PCA465>3.0.CO;2-9";1999;Tsuchiya et al.;Quantitative Analysis of all Types of beta-Carboline Alkaloids in Medicinal Plants and Dried Edible Plants by High Performance Liquid Chromatography with Selective Fluorometric Detection;Phytochemical Analysis;10:247-253;Areca catechu;Commercial dried medicinal seed material;Include;Validated targeted HPLC-fluorescence;"Norharman and harman detected at ng/g dry-weight levels; six other target beta-carbolines not detected";Phytochemical Analysis - 1999 - Tsuchiya - Quantitative analysis of all types of  ‐carboline alkaloids in medicinal plants.pdf;1;1;1;1;2;2;2;1;1
L23;10.1021/OL015985J;2001;Lee et al.;A Novel Cyclooxygenase-Inhibitory Stilbenolignan from the Seeds of Aiphanes aculeata;Organic Letters;3(14):2169-2171;Aiphanes aculeata -> Aiphanes horrida;Seeds;Include;Isolation / structure elucidation;Aiphanol, a new stilbenolignan, and three known phenolics were isolated;ol015985j.pdf;1;1;1;1;4;4;4;1;3
L24;10.1021/JF0103976;2001;Ishrud et al.;Isolation and Structure Analysis of a Glucomannan from the Seeds of Libyan Dates;Journal of Agricultural and Food Chemistry;49:3772-3774;Phoenix dactylifera;Seeds of dry Bikrari dates;Include;Polysaccharide isolation / structural analysis;An acetylated high-molecular-weight glucomannan and an acidic arabinogalactan-rich fraction were characterized;jf0103976.pdf;1;1;1;1;2;2;0;1;1
L25;10.1016/S0896-8446(01)00110-3;2002;Catchpole et al.;Supercritical extraction of herbs I: Saw Palmetto, St John's Wort, Kava Root, and Echinacea;Journal of Supercritical Fluids;22:129-138;Serenoa repens;Dried whole berries;Include;Supercritical extraction / GC composition;Ten fatty acids and beta-sitosterol were measured in three saw-palmetto extracts;1-s2.0-S0896844601001103-main.pdf;1;1;1;1;11;11;8;2;2
L26;10.1021/NP020264U;2002;Jensen et al.;An Antiplasmodial Lignan from Euterpe precatoria;Journal of Natural Products;65:1915-1917;Euterpe precatoria;Roots;Include;Isolation / structure elucidation;Racemic dehydrodiconiferyl alcohol dibenzoate was reported as a new natural product with p-hydroxybenzoic acid;np020264u.pdf;1;1;1;1;2;2;2;1;2
L27;10.1016/J.PHYTOCHEM.2004.02.026;2004;El-Dib et al.;Sablacaurin A and B, two 19-nor-3,4-seco-lanostane-type triterpenoids from Sabal causiarum and Sabal blackburniana, respectively;Phytochemistry;65:1153-1157;"Sabal causiarum; Sabal blackburniana -> Sabal palmetto; Sabal peregrina -> Sabal yapa";Leaves;Include;Isolation / structure elucidation;Two new seco-lanostane triterpenoids and four known lipids or triterpenoids were isolated from three Sabal species;1-s2.0-S0031942204001037-main.pdf;1;3;3;1;6;6;3;1;2
L29;10.1021/JF050579Q;2005;Al-Farsi et al.;Comparison of Antioxidant Activity, Anthocyanins, Carotenoids, and Phenolics of Three Native Fresh and Sun-Dried Date (Phoenix dactylifera L.) Varieties Grown in Oman;Journal of Agricultural and Food Chemistry;53:7592-7599;Phoenix dactylifera;Mature fruits, fresh and sun-dried;Include;Targeted phenolic-acid profiling and class metrics;"Nine unique phenolic acids were tentatively identified across free and bound fractions; anthocyanins, carotenoids and total phenolics were measured";jf050579q.pdf;1;1;1;1;13;9;9;1;1
L30;10.1021/NP960552O;1997;Shimada et al.;Biologically Active Acylglycerides from the Berries of Saw-Palmetto (Serenoa repens);Journal of Natural Products;60:417-418;Serenoa repens;Commercial dried berry powder;Include;Isolation / spectral identification;1-Monolaurin and 1-monomyristin were isolated and identified;np960552o.pdf;1;1;1;1;2;2;2;1;1
L31;10.1016/0305-1978(94)90088-4;1994;Harborne, Saito & Detoni;Anthocyanins of Cephaelis, Cynomorium, Euterpe, Lavatera and Pinanga;Biochemical Systematics and Ecology;22(8):835-836;"Euterpe edulis; Pinanga polymorpha";Fresh fruits;Include;Pigment isolation / chromatographic identification;Cyanidin 3-glucoside and cyanidin 3-rutinoside were identified in both palm fruits;1-s2.0-0305197894900884-main.pdf;2;2;2;1;4;2;0;1;1
L32;10.1021/NP50119A013;1995;Kubo, Yokokawa & Kinst-Hori;Tyrosinase Inhibitors from Bolivian Medicinal Plants;Journal of Natural Products;58(5):739-743;Scheelea princeps -> Attalea phalerata;Roots;Include;Bioassay-guided isolation / spectral comparison;4-Hydroxybenzoic acid was the only active compound isolated from the palm root extract;np50119a013.pdf;1;1;1;1;1;1;1;1;1
L33;10.1016/0031-9422(95)00173-5;1995;Garcia et al.;Triterpene Methyl Ethers from Palmae Epicuticular Waxes;Phytochemistry;39(6):1381-1382;"Orbignya phalerata -> Attalea speciosa; O. speciosa -> A. speciosa; O. cohune -> A. cohune; Arecastrum romanzoffianum -> Syagrus romanzoffiana; Butia capitata";Leaf epicuticular wax;Include;Wax fractionation / GC-MS / limited NMR;Cylindrin and lupeol methyl ether were detected, and 3-beta-methoxy-lupane was reported as new;1-s2.0-0031942295001735-main.pdf;2;3;3;1;5;3;1;1;1
L34;10.1007/BF02896679;1996;Ziouti et al.;Phenolic Compounds in Date Palm Cultivars Sensitive and Resistant to Fusarium oxysporum;Biologia Plantarum;38(3):451-457;Phoenix dactylifera;Leaves and roots;Include;Targeted HPLC/TLC phenolic profiling;Flavan-3-ols, flavonol glycosides and five caffeoylshikimic-acid forms were identified;BP_bpl-199603-0023.pdf;1;1;1;2;12;12;3;1;3
L35;10.1016/0021-9673(95)00734-2;1996;De Swaef & Vlietinck;Simultaneous Quantitation of Lauric Acid and Ethyl Laureate in Sabal serrulata by Capillary Gas Chromatography and Derivatisation with Trimethyl Sulphoniumhydroxide;Journal of Chromatography A;719:479-482;Sabal serrulata -> Serenoa repens;Commercial ethanolic fruit extract;Include;Validated targeted GC-FID / extract profile;"Lauric acid and ethyl laurate were quantified; six free-fatty-acid/ethyl-ester pairs were visible in the extract profile";1-s2.0-0021967395007342-main.pdf;1;1;1;1;12;12;12;1;2
L36;10.1002/JCCS.199600013;1996;Ma et al.;Tannins from Betel Nuts;Journal of the Chinese Chemical Society;43:77-81;Areca catechu;Fresh embryos from unripe nuts;Include;Isolation / NMR / FAB-MS / thiolysis;Thirteen plant procyanidins or monomers were isolated, including three new higher oligomers;J Chinese Chemical Soc - February 1996 - Ma - Tannins from Betel Nuts.pdf;1;1;1;1;13;13;8;1;3
L37;10.1007/BF01920724;1996;Hocart & Fankhauser;Betel Nut Residues in Archaeological Samples of Human Teeth from the Mariana Islands;Experientia;52:281-285;Areca catechu;"Whole betel nut reference material; archaeological residues";Include;GC-EI-MS / selected-ion monitoring;"Four alkaloids were identified in whole nut; only arecaidine and guvacine were found in spittal and stained teeth";BF01920724.pdf;1;1;1;1;4;4;4;1;1
L38;"10.1002/(SICI)1097-0045(199605)28:5<300::AID-PROS5>3.0.CO;2-F";1996;Weisser et al.;Effects of the Sabal serrulata Extract IDS 89 and Its Subfractions on 5-alpha-Reductase Activity in Human Benign Prostatic Hyperplasia;The Prostate;28:300-306;Sabal serrulata -> Serenoa repens;Commercial standardized ethanolic fruit extract IDS 89;Include;GC fatty-acid composition / enzyme assay;Four major fatty acids accounted for more than 90% of the extract fatty-acid fraction;The Prostate - May 1996 - Weisser - Effects of the Sabal serrulata extract IDS 89 and its subfractions on 5 -reductase.pdf;1;1;1;1;4;4;4;1;1
L39;10.1021/JF950611O;1996;Wang & Lee;Separation, Characteristics, and Biological Activities of Phenolics in Areca Fruit;Journal of Agricultural and Food Chemistry;44:2014-2019;Areca catechu;Whole fresh unripe fruit;Include;Phenolic fractionation / HPLC / class assays;"Catechin and epicatechin were identified; four phenolic classes were quantified";jf950611o.pdf;1;1;1;1;2;2;0;1;1
L40;10.1021/JF960547Q;1997;Wang, Lee & Peng;Contents of Phenolics and Alkaloids in Areca catechu Linn. during Maturation;Journal of Agricultural and Food Chemistry;45:1185-1188;Areca catechu;Root, vegetative and reproductive organs, fruits;Include;Validated targeted HPLC / phenolic class assays;Four alkaloids were quantified across eleven organ or developmental contexts;jf960547q.pdf;1;1;1;5;39;4;4;1;1
L41;10.1016/0031-9422(74)85033-8;1974;Piozzi et al.;Diterpenoid Resin Acids of Daemonorops draco;Phytochemistry;13:2231-2233;Daemonorops draco -> unresolved WCVP destination;Commercial fruit-surface resin (dragon's blood);Include - taxonomic limitation;GC/GC-MS resin-acid profiling;"Five diterpenoid acids were reported; sandaracopimaric acid was tentative";1-s2.0-0031942274850338-main.pdf;0;0;1;1;5;5;5;1;1
L42;10.1016/S0008-6215(00)81325-7;1973;El Sayed Amin & Paleologou;A Study of the Polysaccharides of the Kernel and Endocarp of the Fruit of the Doum Palm (Hyphaene thebaica);Carbohydrate Research;27:447-450;Hyphaene thebaica;Kernel and woody endocarp;Include;Classical polysaccharide isolation and linkage analysis;Kernel mannan/cellulose and endocarp xylan/cellulose were characterized;1-s2.0-S0008621500813257-main.pdf;1;1;1;2;4;3;0;1;1
L43;10.1016/S0031-9422(00)85122-5;1966;Bennett, Ko & Heftmann;Isolation of Estrone and Cholesterol from the Date Palm, Phoenix dactylifera L.;Phytochemistry;5:231-235;Phoenix dactylifera;Seeds and pollen;Include;Isolation / TLC / IR / chemical transformation;Estrone was supported in seeds and pollen and cholesterol was isolated from pollen;1-s2.0-S0031942200851225-main.pdf;1;1;1;2;3;2;2;1;1
L44;10.1139/V61-180;1961;Mukherjee, Choudhury & Bagchi;Constitution of the Galactomannan from the Kernel of Green Palmyra Palm Nut (Borassus flabellifer Linn.);Canadian Journal of Chemistry;39:1408-1418;Borassus flabellifer;Soft kernel of green nut;Include;Polysaccharide isolation / methylation / periodate oxidation / partial hydrolysis;A branched galactomannan with a beta-(1->4)-mannan backbone and alpha-galactosyl branches was characterized;mukherjee-et-al-2011-constitution-of-the-galactomannan-from-the-kernel-of-green-palmyra-palm-nut-(borassus-flabellifer.pdf;1;1;1;1;1;1;0;1;1
L45;10.1002/ARDP.19893220211;1989;Hiermann;Über Inhaltsstoffe von Sabalfrüchten und deren Prüfung auf entzündungshemmende Wirkung;Archiv der Pharmazie;322:111-114;Sabal serrulata -> Serenoa repens;Fruits / fruit drug;Include;Isolation of sterols, acylsterol glycosides and flavonoids;Nine beta-sitosterol forms and four flavonoid glycosides were directly reported;Archiv der Pharmazie - 1989 - Hiermann - ber Inhaltsstoffe von Sabalfr chten und deren Pr fung auf entz ndungshemmende.pdf;1;1;1;1;13;13;6;2;3
L46;10.1093/AJCN/49.5.849;1989;Mariath, Lima & Santos;Vitamin A Activity of Buriti (Mauritia vinifera Mart.) and Its Effectiveness in the Treatment and Prevention of Xerophthalmia;American Journal of Clinical Nutrition;49:849-853;"Mauritia vinifera -> Mauritia flexuosa; Elaeis guineensis";Fruit oil, processed fruit sweet and comparator red-palm fruit oil;Include;Carotenoid separation/quantitation and food-composition analysis;"Buriti fruit oil contained 304,000 microgram beta-carotene/100 g; red-palm oil was directly measured as comparator";mariath1989.pdf;2;2;2;1;3;2;2;1;1
L47;10.1007/BF03183920;1990;Blicher-Mathiesen & Balslev;Attalea colenda (Arecaceae), a Potential Lauric Oil Resource;Economic Botany;44(3):360-368;Attalea colenda;Seed/kernel oil;Include;Oil-content and fatty-acid composition report;"Eight fatty acids were tabulated; lauric acid represented 47.2% of kernel-oil fatty acids";BF03183920.pdf;1;1;1;1;8;8;8;1;1
L48;10.1039/P19900002637;1990;Arnone, Nasini & Merlini;Constituents of 'Dragon's Blood.' Part 4. Dracoflavan A, a Novel Secotriflavanoid;Journal of the Chemical Society, Perkin Transactions 1;2637-2640;Daemonorops draco -> unresolved WCVP destination;Commercial fruit-surface resin (dragon's blood);Include - taxonomic limitation;Isolation and full structure elucidation;Dracoflavan A was reported as a new secotriflavonoid;arnone1990.pdf;0;0;1;1;1;1;0;1;1
L50;10.1016/0031-9422(93)85343-P;1993;Moore, Isidoro & Seemann;Distribution of 2-Carboxyarabinitol among Plants;Phytochemistry;34(3):703-707;Chamaedorea seifrizii;Mature leaf;Include;Isotope-dilution metabolite assay;2-Carboxyarabinitol was measured at 23 nmol/g fresh weight in Chamaedorea seifrizii;1-s2.0-003194229385343P-main.pdf;1;1;1;1;1;1;1;1;1
L51;10.1007/BF02907355;1993;Koziol & Borgtoft Pedersen;Phytelephas aequatorialis (Arecaceae) in Human and Animal Nutrition;Economic Botany;47(4):401-407;Phytelephas aequatorialis;Male inflorescence, fruit mesocarp and immature endosperm;Include;Food composition, sugar, pectin and fatty-acid analyses;"Mesocarp oils contained diverse fatty acids; sucrose was detected only in immature endosperm";BF02907355.pdf;1;1;1;2;25;16;13;2;2
L53;10.1016/0305-1978(94)90029-9;1994;Broschat & Latham;Oxalate Content of Palm Fruit Mesocarp;Biochemical Systematics and Ecology;22(4):389-392;60 Arecaceae species;Fresh ripe fruit mesocarp;Include;Targeted ion-chromatographic survey;Total oxalate was quantified in fruit mesocarp of 60 palm species;1-s2.0-0305197894900299-main.pdf;39;59;59;1;60;1;1;1;1
L54;10.1016/S0031-9422(00)85489-8;1986;Oo, Lee & Ong;Changes in Fatty Acid Composition of the Lipid Classes in Developing Oil Palm Mesocarp;Phytochemistry;25:405-407;Elaeis guineensis;Fruit mesocarp, 8-22 weeks after flowering;Include;Lipid-class TLC and FID-GC fatty-acid profiling;"Ten fatty acids were detected across development; total-lipid profiles and selected long-chain-acid values were transcribed";1-s2.0-S0031942200854898-main.pdf;1;1;1;1;11;11;9;2;2
L57;10.1021/NP50033A003;1984;Rao & Alvarez;The Sapogenin of Chamaedorea elegans;Journal of Natural Products;47:413-418;Chamaedorea elegans;Leaves;Include;Saponin isolation, hydrolysis and sapogenin structure elucidation;"Cannigenin was obtained as the aglycone of native leaf saponins; free cannigenin was not demonstrated";np50033a003.pdf;1;1;1;1;2;1;1;2;2
L60;10.1039/C39810000781;1981;Nonaka, Hsu & Nishioka;Structures of Dimeric, Trimeric, and Tetrameric Procyanidins from Areca catechu L.;Journal of the Chemical Society, Chemical Communications;781-783;Areca catechu;Seeds;Include;Chromatographic isolation, NMR and thiol degradation;"Ten flavan-3-ol/procyanidin constituents were isolated; four oligomers receive conservative first-characterization novelty flags";nonaka1981.pdf;1;1;1;1;10;10;3;1;3
L62;10.1021/NP50023A024;1982;Rao et al.;Antimicrobial Agents from Higher Plants. Dragon's Blood Resin;Journal of Natural Products;45:646-648;Daemonorops draco -> unresolved WCVP destination;Commercial dragon's blood resin;Include - taxonomic limitation;Chromatographic isolation and spectroscopic identification;"Five resin constituents were characterized; three blue pigments remained unidentified";np50023a024.pdf;0;0;1;1;5;5;4;1;3
L63;10.1021/NP50013A020;1981;Garcia et al.;Triterpenes, Waxes and Tricin in Phoenix canariensis;Journal of Natural Products;44:111-113;Phoenix canariensis;Leaves;Include;Fractionation, GC/GC-MS, spectroscopy and authentic comparisons;"Sixteen discrete native constituents were retained; wax methanolysis products remain quantitative composition only";np50013a020.pdf;1;1;1;1;23;23;22;4;7
L64;10.1007/BF02535295;1988;Ng & Koh;Detection of cis-Vaccenic Acid in Palm Oil by 13C NMR Spectroscopy;Lipids;23:140-143;"Elaeis oleifera; unresolved hybrid Dura GRC 395";Oil;Include;13C NMR and packed-column GC;"Cis-vaccenic acid was tentatively assigned; seven additional fatty acids were directly quantified in Elaeis oleifera oil";Lipids - 1988 - Ng - Detection ofcis-vaccenic acid in palm oil by13C NMR spectroscopy.pdf;1;1;2;1;9;8;7;1;1
L65;10.1016/0031-9422(88)84111-6;1988;Goh, Lai & Gee;Wax Esters and Triterpene Methyl Ethers from the Exocarp of Elaeis guineensis;Phytochemistry;27:877-880;Elaeis guineensis;"Fruit exocarp; crude palm oil comparator";Include;GC/GC-MS, NMR, MS and preparative chromatography;An intact C40-C60 wax-ester series, cylindrin and a tentative delta-12 cylindrin isomer were retained;1-s2.0-0031942288841116-main.pdf;1;1;1;2;24;23;8;3;3
L68;10.7717/peerj.5991;2018;Nonato et al.;Chemical analysis and evaluation of antioxidant and antimicrobial activities of fruit fractions of Mauritia flexuosa L. f. (Arecaceae);PeerJ;6:e5991;Mauritia flexuosa;Fruit pulp fractions;Include;Targeted HPLC-DAD and class assays;Eight phenolics quantified across chloroform, ethyl-acetate and ethanol fractions;Alves Nonato et al. - 2018 - Chemical analysis and evaluation of antioxidant and antimicrobial activities of fruit fractions of M.pdf;1;1;1;1;8;8;7;1;4
L69;10.3989/gya.0320251.2301;2025;Bozkurt;Machine learning analysis of fatty acid composition in Washingtonia filifera and Sabal palmetto palm kernels for potential industrial applications;Grasas y Aceites;76(2):2301;"Washingtonia filifera; Sabal palmetto";Mature fruit kernels;Include;GC-FID fatty-acid profiling / machine learning;"Oleic and lauric acids dominated both kernel oils; 23 fatty acids were targeted";Bozkurt - 2025 - Machine learning analysis of fatty acid composition in washingtonia filifera and sabal palmetto palm.pdf;2;2;2;1;41;21;21;1;1
L71;;2005;Galotta & Boaventura;Chemical constituents from roots and leaf stalks of acai (Euterpe precatoria Mart., Arecaceae);Quimica Nova;28(4):610-613;Euterpe precatoria;Roots and leaf stalks;Include;Isolation / structure identification;Thirteen named constituents isolated or identified, represented by 17 organ-specific occurrences;Galotta e Boaventura - 2005 - Chemical constituents from roots and leaf stalks of acai (Euterpe precatoria Mart., Arecaceae)..pdf;1;1;1;2;17;13;10;3;4
L72;10.1007/s44446-025-00017-3;2025;Hamed et al.;Polyphenolic profile, hepatoprotective evaluation, and molecular docking study of three palm tree species (Family Arecaceae);Saudi Pharmaceutical Journal;33:21;"Aiphanes eggersii; Carpoxylon macrospermum; Jubaeopsis caffra";Leaves;Include;Targeted HPLC-MS/MS / pharmacology;18, 25 and 28 standard-matched metabolites quantified in the three leaf extracts;Hamed et al. - 2025 - Polyphenolic profile, hepatoprotective evaluation, and molecular docking study of three palm tree sp.pdf;3;3;3;1;71;28;26;1;6
L74;10.1590/0100-29452017034;2017;Lopes Aguiar & do Amaral Souza;Dehydration and spraying of buriti pulp (Mauritia flexuosa L.): shelf-life evaluation;Revista Brasileira de Fruticultura;39(Spe.):e-034;Mauritia flexuosa;Fresh fruit pulp and dehydrated flour;Include;Fruit composition / processing;Alpha- and beta-carotene plus proximate composition were measured before and after dehydration;Lopes Aguiar e Do Amaral Souza - 2017 - DEHYDRATION AND SPRAYING OF BURITI PULP (Mauritia flexuosa L.) SHELF-LIFE EVALUATION.pdf;1;1;1;1;2;2;2;1;1
L76;10.1590/2175-8239-JBN-2021-0048;2022;Rodriguez-Salgueiro et al.;Benefits of D-005, a lipid extract from Acrocomia crispa fruits, in the prevention of acute kidney injury induced by nephrotoxicity in rats;Brazilian Journal of Nephrology;44(1):9-18;Acrocomia crispa;Saponified fruit-lipid extract;Include;GC fatty-acid characterization / pharmacology;Eight fatty acids accounted for 98.30% of the characterized D-005 batch;Rodriguez-Salgueiro et al. - 2022 - Benefits of D-005, a lipid extract from Acrocomia crispa fruits, in the prevention of acute kidney i.pdf;1;1;1;1;8;8;8;1;1
L77;10.1371/journal.pone.0342904;2026;Romero-Estevez et al.;High phenotypic and phytochemical diversity of Bactris gasipaes (Arecaceae) fruits in Ecuador;PLOS One;21:e0342904;Bactris gasipaes var. gasipaes;Fruit mesocarp;Include;Comparative fruit composition;110 fruits were profiled for proximate composition, beta-carotene, fatty acids, sterols, tocopherols and minerals;Romero-Estevez et al. - 2026 - High phenotypic and phytochemical diversity of Bactris gasipaes (Arecaceae) fruits in Ecuador.pdf;1;1;1;1;11;11;11;2;3
L79;10.3989/gya.023513;2013;Santos et al.;Major components in oils obtained from Amazonian palm fruits;Grasas y Aceites;64(3):328-334;"Oenocarpus bacaba; Mauritia flexuosa; Maximiliana maripa; Bactris gasipaes; Astrocaryum vulgare";Fruit mesocarp oils;Include;GC-FID / HPLC-RI lipid composition;Fatty acids and triacylglycerols were characterized in five Amazonian palm-fruit oils;Santos et al. - 2013 - Major components in oils obtained from Amazonian palm fruits.pdf;5;5;5;1;101;39;9;1;2
L83;10.1016/j.foodchem.2025.145650;2025;Wagner et al.;Phenolic composition, antioxidant capacity and digestive enzymes inhibition of Butia under simulated digestion;Food Chemistry;493:145650;"Butia catarinensis; Butia eriospatha; Butia odorata";Fruit tissue without endocarp;Include;Targeted HPLC-DAD / simulated digestion;Nine standard-matched phenolics were followed through four digestion phases in six populations;Wagner et al. - 2025 - Phenolic composition, antioxidant capacity and digestive enzymes inhibition of Butia (.pdf;1;3;3;1;16;9;8;1;4
L85;10.1590/1678-9805202033e190146;2020;dos Santos et al.;Chromatographic profile and bioactive compounds found in the composition of pupunha oil (Bactris gasipaes Kunth): implications for human health;Revista de Nutricao;33:e190146;Bactris gasipaes;Cooked red fruit oil;Include;GC-FID / spectrophotometric composition;Nine fatty acids and beta-carotene were measured in red peach-palm oil;dos Santos et al. - 2020 - Chromatographic profile and bioactive compounds found in the composition of pupunha oil (Bactris gas.pdf;1;1;1;1;10;10;10;2;2
L88;10.12944/CRNFSJ.13.3.27;2025;Jasi et al.;Supercritical and Subcritical Extraction of Date Fruits (Phoenix dactylifera L.) and Their Phytochemical Composition;Current Research in Nutrition and Food Science;13(3):1394-1408;Phoenix dactylifera;Fruit flesh and seeds;Include;Experimental extraction and composition;"Fourteen cultivars were compared; seed oils yielded up to 9.92%, and PLE flesh extracts showed cultivar-dependent phenolics and antioxidant capacity";Jasi et al. - 2025 - Supercritical and Subcritical Extraction of Date Fruits (Phoenix dactylifera L.) and Their Phytochem.pdf;1;1;1;1;58;5;5;1;1
L93;10.31413/nativa.v10i1.13368;2022;da Silva et al.;Potential for use of fixed tucumas oils;Nativa;10(1):109-116;"Astrocaryum aculeatum; Astrocaryum vulgare";Fruit mesocarp oils;Include;Oil composition and class assays;Cold-pressed oils were compared for fatty-acyl composition and bioactive-class metrics;da Silva et al. - 2022 - Potential for use of fixed tucumas oils.pdf;1;2;2;1;12;8;8;1;1
L96;10.3390/plants12020226;2023;Rincon-Cervera et al.;Arecaceae Seeds Constitute a Healthy Source of Fatty Acids and Phenolic Compounds;Plants;12:226;24 Arecaceae taxa;Seeds;Include;Comparative GC-FID/HPLC-DAD/LC-MS study;"Twenty-four taxa were profiled for fatty-acyl and phenolic composition; no sulfated compound was reported";Angel Rincon-Cervera et al. - 2023 - Arecaceae Seeds Constitute a Healthy Source of Fatty Acids and Phenolic Compounds.pdf;15;24;24;1;241;19;17;3;6
L97;10.1590/S0102-695X2011005000007;2011;Favacho et al.;Anti-inflammatory and antinociceptive activities of Euterpe oleracea oil;Revista Brasileira de Farmacognosia;21(1):105-114;Euterpe oleracea;Fruit oil;Include;GC-MS fatty-acid composition / pharmacology;Three major fatty acids accounted for the reported chromatographic composition;Favacho et al. - 2011 - Anti-inflammatory and antinociceptive activities of Euterpe oleracea oil.pdf;1;1;1;1;3;3;3;1;1
L98;10.1055/s-0028-1088392;2009;Rosler et al.;Analysis of the Hydrodistillate from the Fruits of Serenoa repens;Planta Medica;75:184-186;Serenoa repens;"Ripe fruits; hydrodistillate";Include;GC-MS volatile profile;"Main table reports 77 named constituents/peak assignments; 67 additional trace constituents require the online supplement";Roesler et al. - 2009 - Analysis of the Hydrodistillate from the Fruits of Serenoa repens.pdf;1;1;1;1;77;77;64;2;2
L99;10.1371/journal.pone.0214193;2019;Tayler et al.;Analysis of the antiparasitic and anticancer activity of the coconut palm (Cocos nucifera L.);PLOS ONE;14(4):e0214193;Cocos nucifera;"Leaves and other organs; chemical profile of leaf extracts";Include;GNPS LC-MS/MS dereplication / bioactivity;Thirty-one sample-specific dereplication assignments were reported, many with mass-error or epimer limitations;Tayler et al. - 2019 - Analysis of the antiparasitic and anticancer activity of the coconut palm (Cocos nucifera L. ARECACE.pdf;1;1;1;1;31;29;14;4;7
L101;10.1590/0001-3765201520140166;2015;Silva et al.;A comparative study of nutritional composition and potential use of some underutilized tropical fruits of Arecaceae;Anais da Academia Brasileira de Ciencias;87(3):1701-1709;Six Arecaceae species;Fruit pulp and kernel;Include;Proximate, fatty-acyl and carotenoid composition;"Six species were compared organ-by-organ; several fatty-acid profiles are incomplete and require cautious interpretation";Silva et al. - 2015 - A comparative study of nutritional composition and potential use of some underutilized tropical frui.pdf;5;6;6;2;37;7;7;1;1
L102;10.1007/s00217-025-04901-z;2025;Soares et al.;Unveiling the chemical composition and biological bioactivity of two Amazonian Oenocarpus species;European Food Research and Technology;251:4737-4751;"Oenocarpus bacaba; Oenocarpus minor";Mechanically processed fruit pulps;Include;Composition and ESI-LTQ-MS/MS annotation;"Twenty-two metabolites were tentatively annotated in both extracts; sugars and nutritional/class metrics were quantified";Soares et al. - 2025 - Unveiling the chemical composition and biological bioactivity of two Amazonian Oenocarpus species.pdf;1;2;2;1;53;27;9;2;3
L103;10.1007/s10265-019-01115-9;2019;Wu et al.;Tissue-specific and maturity-dependent distribution of pyridine alkaloids in Areca triandra;Journal of Plant Research;132:531-540;Areca triandra;Leaves, flowers, spadices, fruit pericarp and endosperm;Include;Targeted UPLC-MS quantification;Four pyridine alkaloids were quantified across 12 tissue/developmental samples;Wu et al. - 2019 - Tissue-specific and maturity-dependent distribution of pyridine alkaloids in Areca triandra.pdf;1;1;1;4;48;4;4;1;1
L104;10.1007/s10973-011-1308-0;2011;Kobelnik et al.;Thermal behavior of jeriva oil (Syagrus romanzoffiana);Journal of Thermal Analysis and Calorimetry;106:711-715;Syagrus romanzoffiana;Fruit pulp oil;Include;GC fatty-acyl profile / thermal analysis;"Ten fatty acids were reported; linoleic, oleic and palmitic acids predominated";Kobelnik et al. - 2011 - Thermal behavior of jeriva oil (Syagrus romanzoffiana).pdf;1;1;1;1;10;10;10;2;2
L105;10.1007/s10973-016-5239-7;2016;Kobelnik et al.;Thermal behavior and chromatographic characterization of oil extracted from the nut of the Butia (Butia capitata);Journal of Thermal Analysis and Calorimetry;123:2517-2522;Butia capitata;Fruit nut oil;Include;GC-FID fatty-acyl profile / thermal analysis;"Ten fatty acids were reported; the oil was predominantly saturated";Kobelnik et al. - 2016 - Thermal behavior and chromatographic characterization of oil extracted from the nut of the Butia (Bu.pdf;1;1;1;1;10;10;10;2;2
L110;10.1007/s12161-019-01515-6;2020;Boeing et al.;Phenolic compounds from Butia odorata fruit and its antioxidant and antitumor activities;Food Analytical Methods;13:61-68;Butia odorata;Fruit;Include;Targeted UHPLC-MS/MS phenolic quantification;"Thirteen phenolics were quantified; five were first reports for the species, not new natural products";Boeing et al. - 2020 - Phenolic Compounds from Butia odorata (Barb. Rodr.) Noblick Fruit and Its Antioxidant and Antitumor.pdf;1;1;1;1;13;13;10;2;6
L111;10.21930/rcta.vol21_num3_art:1791;2020;Cardoso Coimbra et al.;Physicochemical characterization of the pulp oil of bacuri Attalea phalerata;Ciencia y Tecnologia Agropecuaria;21(3):e1791;Attalea phalerata;Fruit pulp oil;Include;Oil composition and physicochemical characterization;Eleven fatty acids, alpha/delta tocopherol and oil-quality metrics were quantified;Cardoso Coimbra et al. - 2020 - Physicochemical characterization of the pulp oil of bacuri Attalea phalerata Mart. ex Spreng. (Areca.pdf;1;1;1;1;13;13;12;2;2
L112;10.17807/orbital.v7i4.769;2016;Fernandez et al.;Oil in inaja pulp (Maximiliana maripa): fatty acid profile and anti-acetylcholinesterase activity;Orbital;8(2):80-83;Maximiliana maripa;Fruit pulp oil;Include;GC fatty-acyl profile;"Ten fatty acids were quantified; the published name is treated as the synonym Attalea maripa";Fernandez et al. - 2016 - Oil in Inaja Pulp (Maximiliana maripa) Fatty Acid Profile and Anti-acetylcholinesterase Activity.pdf;1;1;1;1;10;10;10;1;1
L114;10.1007/s11130-026-01521-0;2026;Haddou et al.;Fatty acids and protein content of underexplored tropical palm fruits;Plant Foods for Human Nutrition;81:63;Eight Arecaceae species;Fruit pulp and seed;Include;Comparative GC fatty-acyl and protein profiling;Eight palm fruits, including Copernicia alba, were profiled by organ;Haddou et al. - 2026 - Fatty Acids and Protein Content of Underexplored Tropical Palm Fruits.pdf;7;8;8;2;185;19;18;2;2
L115;10.1007/s11694-018-9742-3;2018;Lescano et al.;Nutritional and chemical characterizations of fruits obtained from Syagrus romanzoffiana, Attalea dubia, Attalea phalerata and Mauritia flexuosa;Journal of Food Measurement and Characterization;12:1284-1294;Four Arecaceae species;Fruit pulp and kernel;Include;Comparative composition and GC fatty-acyl profiling;Four palms were compared for proximate, mineral, fatty-acyl and antioxidant-class metrics;Lescano et al. - 2018 - Nutritional and chemical characterizations of fruits obtained from Syagrus romanzoffiana, Attalea du.pdf;3;4;4;1;57;18;17;2;2
L116;10.1007/s10722-024-01856-0;2024;Madeira et al.;Phenotypic characterization and genetic diversity of macauba (Acrocomia aculeata) accessions based on fruit traits;Genetic Resources and Crop Evolution;71:3433-3451;Acrocomia aculeata;Fruit pulp oil;Include;Population-level fatty-acyl and carotenoid profiling;Three populations showed broad oil, carotenoid and fatty-acyl variation;Madeira et al. - 2024 - Phenotypic characterization and genetic diversity of macauba (Acrocomia aculeata) accessions based o.pdf;1;1;1;1;6;6;6;1;1
L117;10.1016/j.fct.2016.04.018;2016;Marques et al.;Evaluation of the genotoxicity of Euterpe oleracea fruit oil in mammalian cells;Food and Chemical Toxicology;93:13-19;Euterpe oleracea;Fruit oil;Include;LC/ESI-MS fingerprint and genotoxicity;Twelve constituents were reported from an LC/ESI-MS fingerprint without clear authentic-standard confirmation;Marques et al. - 2016 - Evaluation of the genotoxicity of Euterpe oleraceae Mart. (Arecaceae) fruit oil (acai), in mammalian.pdf;1;1;1;1;12;12;10;3;4
L118;10.3389/fnut.2021.699555;2021;Meng et al.;Optimized extraction and characterization of folates from date palm fruits and their tracking during fermentation;Frontiers in Nutrition;8:699555;Phoenix dactylifera;Fruit;Include;Targeted UHPLC-MS/MS folate analysis;Two folate vitamers were confirmed and total folate was quantified in three cultivars;Meng et al. - 2021 - Optimized Extraction and Characterization of Folates From Date Palm Fruits and Their Tracking During.pdf;1;1;1;1;6;2;0;1;1
L119;"10.1663/0013-0001(2004)058[0536:EOTBPO]2.0.CO;2";2004;Olvera-Fonseca;Evaluation of the bromatological potential of seeds and fruits of Sabal mexicana;Economic Botany;58(4):536-543;Sabal mexicana;Seeds and fruits;Include;Bromatology, fatty-acyl profile and qualitative phytochemistry;"Site-resolved composition was reported; three TLC sterol/sapogenin identities remain only possible";Olvera-Fonseca - 2004 - Evaluation of the bromatological potential of seeds and fruits of Sabal mexicana Mart. (Arecaceae).pdf;1;1;1;1;11;11;11;3;3
L120;10.1007/s10600-011-9983-4;2011;Priestap et al.;Fatty acid composition of fruits of two forms of Serenoa repens;Chemistry of Natural Compounds;47(4):511-514;Serenoa repens;Fruit and hexane extract;Include;GC-MS of underivatized and derivatized lipids;Natural free acids and native methyl/ethyl esters were distinguished from derivatization products;Priestap et al. - 2011 - FATTY ACID COMPOSITION OF FRUITS OF TWO FORMS OF Serenoa repens.pdf;1;1;1;1;21;21;21;2;2
L121;10.22377/ajp.v18i04.5862;2024;Rajesh et al.;High-resolution mass spectrometry study of palm jaggery components;Asian Journal of Pharmaceutics;18(4):1215-1222;Borassus flabellifer;Processed palm jaggery;Include;HRMS database annotation;Four database matches were reported, three chemically implausible as phytochemicals and all requiring confirmation;Rajesh et al. - 2024 - High-resolution Mass Spectrometry Study of Palm Jaggery Components with an Emphasis on Anti-microbia.pdf;1;1;1;1;4;4;4;1;1
L122;10.1093/pcp/pcy247;2019;Reynolds et al.;Identification of genes involved in lipid biosynthesis through de novo transcriptome assembly from Cocos nucifera developing endosperm;Plant and Cell Physiology;60(5):945-960;Cocos nucifera;Developing endosperm;Include;Transcriptomics and lipid profiling;Developing endosperm oil and the major TAG acyl-chain classes were reported;Reynolds et al. - 2019 - Identification of Genes Involved in Lipid Biosynthesis through de novo Transcriptome Assembly from C.pdf;1;1;1;1;9;9;9;1;1
L125;10.1007/s00425-018-3003-x;2019;Xiao et al.;Genetic control of fatty acid composition in coconut, African oil palm and date palm;Planta;249:333-350;"Cocos nucifera; Elaeis guineensis; Phoenix dactylifera";Endosperm, leaf and embryo;Include;Comparative lipid composition and transcriptomics;"Primary chemical profiles cover coconut and African oil palm; date palm is genomic context only";Xiao et al. - 2019 - Genetic control of fatty acid composition in coconut (Cocos nucifera), African oil palm (Elaeis guin.pdf;2;2;2;2;12;5;5;1;1
L126;10.1186/s12906-023-04046-0;2023;Abdelrahim et al.;Cytotoxic flavone-C-glycosides from the leaves of Dypsis pembana: in vitro and molecular docking studies;BMC Complementary Medicine and Therapies;23:214;Dypsis pembana;Leaves;Include;Isolation and NMR identification of triterpenes, sterols and flavonoids;"Thirteen isolates represented fourteen distinct compounds because isolate 3 was a sterol mixture; all were first reports for the species";Abdelrahim et al. - 2023 - Cytotoxic flavone-C-glycosides from the leaves of Dypsis pembana (HEMoore) Beentje & J.Dransf., Arec.pdf;1;1;1;1;14;14;13;3;5
L128;10.37360/blacpma.20.19.4.28;2020;Alves Nonato et al.;Chemical characterization and evaluation of antioxidant and antimicrobial properties of the pulp oil of fruits of Mauritia flexuosa;Boletin Latinoamericano y del Caribe de Plantas Medicinales y Aromaticas;19(4):408-419;Mauritia flexuosa;Fruit pulp oil;Include;GC-MS fatty-acyl profile and oil quality indices;"Ten fatty-acyl components were reported after methyl-ester preparation; stearic acid dominated the published profile";Alves Nonato et al. - 2020 - Chemical characterization and evaluation of antioxidant and antimicrobial properties of the pulp oil.pdf;1;1;1;1;10;10;10;1;1
L130;10.1007/s00468-016-1423-4;2016;Barreto et al.;Dynamic of reserve compounds of mesocarp and seeds of macaw palm submitted to different storage conditions;Trees;30:1945-1952;Acrocomia aculeata;Mesocarp, endosperm and embryo;Include;Tissue-resolved fatty-acyl composition and reserve compounds;"Twelve fatty-acyl components were profiled; embryo resembled mesocarp whereas endosperm was lauric-rich";Barreto et al. - 2016 - Dynamic of reserve compounds of mesocarp and seeds of macaw palm (Acrocomia aculeata) submitted to d.pdf;1;1;1;1;12;12;12;1;1
L131;10.1007/s12231-022-09565-4;2023;Cheng et al.;Dulong People's Traditional Knowledge of Caryota obtusa: a potential starch plant with emphasis on its starch properties and distribution prediction;Economic Botany;77(1):63-81;Caryota obtusa;Stem pith starch;Include;Starch composition, morphology and functional properties;Pith starch contained 89.2% starch and 22.7% amylose, with documented pasting and swelling properties;Cheng et al. - 2023 - Dulong People's Traditional Knowledge of Caryota obtusa (Arecaceae) a Potential Starch Plant with E.pdf;1;1;1;1;2;2;0;1;1
L132;10.3390/molecules26092710;2021;El Cadi et al.;Elucidation of antioxidant compounds in Moroccan Chamaerops humilis fruits by GC-MS and HPLC-MS techniques;Molecules;26:2710;Chamaerops humilis;Fruit;Include;GC-MS n-hexane profile and HPLC-PDA-ESI/MS phenolic profiling;"Sixty-nine GC-MS library annotations and fourteen unique phenolic annotations were reported; phenolics were semi-quantified by surrogate standards";El Cadi et al. - 2021 - Elucidation of Antioxidant Compounds in Moroccan Chamaerops humilis L. Fruits by GC-MS and HPLC-MS T.pdf;1;1;1;1;83;83;68;5;11
L133;10.1016/j.arabjc.2020.10.028;2020;Jabeen et al.;Date seed and syringic acid exhibit antioxidative and lifespan-extending properties in Caenorhabditis elegans;Arabian Journal of Chemistry;13:9058-9067;Phoenix dactylifera;Seed;Include;Targeted RP-HPLC-VWD phenolic analysis;Gallic, p-coumaric, caffeic and syringic acids were identified by retention time against standards and quantified;Jabeen et al. - 2020 - Date (Phoenix dactylifera) seed and syringic acid exhibits antioxidative effect and lifespan extendi.pdf;1;1;1;1;4;4;4;1;1
L134;10.1007/s10722-025-02433-9;2025;Maryam et al.;Effect of pollen sources on biochemical indices and hybrid authentication in date palm cv. Khadrawy;Genetic Resources and Crop Evolution;72:8009-8023;Phoenix dactylifera;Unripe fruit pulp;Include;Pollen-parent-resolved sugars, phenolics, proteins and enzyme activities;"Nine pollen sources produced marked quantitative differences; the published AA label is internally ambiguous";Maryam et al. - 2025 - Effect of pollen sources on biochemical indices and hybrid authentication in date palm (Phoenix dact.pdf;1;1;1;1;3;3;3;2;2
L139;10.1055/s-0042-106972;2016;Prawat et al.;Cytotoxic steroidal glycosides from the whole plant of Calamus acanthophyllus;Planta Medica;82:1117-1121;Calamus acanthophyllus;Whole plant;Include;Isolation and full spectroscopic characterization of steroidal glycosides;Callaphylloside was reported as a new natural product together with seven known glycosides;Prawat et al. - 2016 - Cytotoxic Steroidal Glycosides from the Whole Plant of Calamus acanthophyllus.pdf;1;1;1;1;8;8;0;1;3
L140;10.5650/jos.ess14007;2014;Radice et al.;Chemical characterization and antioxidant activity of Amazonian Caryodendron orinocense and Bactris gasipaes seed oils;Journal of Oleo Science;63(12):1243-1250;Bactris gasipaes;Seed/kernel oil;Include;Fatty-acyl, unsaponifiable and tocopherol profiles;"Only the Arecaceae component of this mixed-family study was extracted; several unsaponifiable constituents were first reports for Bactris gasipaes";Radice et al. - 2014 - Chemical Characterization and Antioxidant Activity of Amazonian (Ecuador) Caryodendron orinocense Ka.pdf;1;1;1;1;17;17;14;3;5
L143;10.3989/gya.010110;2010;Vasquez-Ocmin et al.;Chemical characterization and oxidative stability of oils from three morphotypes of Mauritia flexuosa;Grasas y Aceites;61(4):390-397;Mauritia flexuosa;Mesocarp and seed oils;Include;Morphotype- and tissue-resolved fatty-acyl, beta-carotene, alpha-tocopherol, mineral and proximate data;Mesocarp oils were oleic-rich, whereas seed oils differed markedly and the shambo seed oil was linoleic-rich;Vasquez-Ocmin et al. - 2010 - Chemical characterization and oxidative stability of the oils from three morphotypes of Mauritia fle.pdf;1;1;1;2;8;8;7;3;3
L144;10.1007/s11694-018-9898-x;2018;Viafara et al.;Chemical characterisation and antioxidant activity of Aphandra natalia mesocarp and its oil;Journal of Food Measurement and Characterization;12:2835-2843;Aphandra natalia;Fruit mesocarp and oil;Include;Proximate composition, fatty-acyl profile and lipophilic antioxidant metrics;Mesocarp oil contained 71.92% oleic acid and 21.52 mg/kg alpha-tocopherol;Viafara et al. - 2018 - Chemical characterisation and antioxidant activity of Aphandra natalia mesocarp and its oil from the.pdf;1;1;1;1;7;7;6;2;2
L145;10.1590/fst.26720;2021;de Albuquerque Barbosa et al.;Proximate composition, bioactive compounds and antioxidant capacity of Butia capitata;Food Science and Technology;41(Suppl. 2):763-768;Butia capitata;Fruit pulp/bark and almond;Include;HPLC vitamins and carotenoids, proximate composition and minerals;Beta-carotene, vitamin C and five vitamin E homologues were quantified separately in pulp/bark and almond;de Albuquerque Barbosa et al. - 2021 - Composition proximate, bioactive compounds and antioxidant capacity of Butia capitata.pdf;1;1;1;1;7;7;2;3;4
L151;10.15517/am.2024.60173;2024;Cortes-Herrera et al.;Bactris guineensis, an underutilized Costa Rican palm fruit: juice processing and nutritional properties;Agronomia Mesoamericana;35:60173;Bactris guineensis;Fruit and juice;Include;Proximate composition, polyphenols, UPLC-QTOF annotations and GC-MS volatiles;"Fresh fruit was rich in polyphenols and anthocyanins; ten nonvolatile entities and twenty-two volatiles were conservatively consolidated";Cortes-Herrera et al. - 2024 - Bactris guineensis, an underutilized Costa Rican palm fruit juice processing and its nutritional pr.pdf;1;1;1;1;32;32;25;2;3
L152;10.1007/s10457-020-00511-8;2020;David Alfaro-Solis et al.;Acrocomia aculeata fruits from three regions in Costa Rica: biometric parameters, oil and fatty-acid composition;Agroforestry Systems;94:2029-2042;Acrocomia aculeata;Fruit pulp, kernel and husk;Include;Location- and tissue-resolved proximate and fatty-acyl composition;"Kernel was lauric-rich and pulp oleic-rich; only table values and explicitly stated numerical comparisons were transcribed";David Alfaro-Solis et al. - 2020 - Acrocomia aculeatafruits from three regions in Costa Rica an assessment of biometric parameters, oi.pdf;1;1;1;2;14;11;10;1;1
L154;10.1007/s13205-018-1110-9;2018;Goncalves et al.;Bioactive properties of Chamaerops humilis L.: antioxidant and enzyme inhibiting activities of extracts;3 Biotech;8:88;Chamaerops humilis;Leaves, fruit peel, pulp and seed;Include;HPLC-DAD phenolics and tissue-resolved phenolic-class metrics;"Six leaf phenolics and two pulp phenolics were quantified; seed extract showed the highest total phenolics and condensed tannins";Goncalves et al. - 2018 - Bioactive properties of Chamaerops humilis L. antioxidant and enzyme inhibiting activities of extra.pdf;1;1;1;2;8;7;4;1;3
L155;10.1186/s12906-026-05365-8;2026;Hamed et al.;Carpoxylon macrospermum leaf extract and its phenolic compounds: a multi-targeted therapeutic remedy;BMC Complementary Medicine and Therapies;26;Carpoxylon macrospermum;Leaves;Include;Isolation and NMR/MS identification;Chlorogenic acid, rutin, hesperidin, vanillic acid and p-hydroxybenzoic acid were isolated and spectroscopically identified;Hamed et al. - 2026 - Carpoxylon macrospermum leaf extract and its phenolic compounds a multi-targeted therapeutic remedy.pdf;1;1;1;1;5;5;5;1;3
L157;10.1016/j.fbio.2022.102181;2022;Lahlou et al.;Arecaceae fruits: fatty acids, phenolic compounds and in vitro antitumor activity;Food Bioscience;50:102181;Multiple Arecaceae taxa;Fruit pulp;Include;Multi-taxon fatty-acyl and targeted HPLC-DAD/LC-MS profiles;Eleven taxa represented by thirteen accessions were profiled for fatty acids, lipid-quality indices and twenty-seven quantified organic-acid/phenolic analytes;Lahlou et al. - 2022 - Arecaceae fruits Fatty acids, phenolic compounds and in vitro antitumor activity.pdf;7;10;10;1;455;37;33;3;6
L158;10.1007/s00114-026-02090-7;2026;Mohamed et al.;Bioactive potential of Latania verschaffeltii leaves: phytochemical, antimicrobial and cytotoxic evaluation;The Science of Nature;113;Latania verschaffeltii;Leaves;Include;Fractionation and spectroscopic characterization;"Six known entities were reported from five isolate numbers; the structural work had been described in companion publications";Mohamed et al. - 2026 - Bioactive potential of Latania verschaffeltii Lem. leaves (Arecaceae) phytochemical, antimicrobial,.pdf;1;1;1;1;6;6;5;2;4
L159;;2024;Mohammed et al.;Antiproliferative potential of Dypsis decaryi seeds supported by metabolic profiling and molecular docking;Unpublished manuscript;31-page manuscript;Dypsis decaryi;Seeds and fixed oil;Include;UPLC-HR-ESI-MS dereplication and GC-MS FAME profile;"Fourteen UPLC features expanded to alternate candidate structures and twelve fatty-acyl methyl esters; identities remain annotation-level";Mohammed et al. - 2024 - Antiproliferative Potential of Dypsis decaryi Seeds Supported by Metabolic Profiling and Molecular D.pdf;1;1;1;1;32;32;26;4;8
L161;10.1186/s12906-015-0724-2;2015;Sudo et al.;Antinociceptive effects of hydroalcoholic extract from Euterpe oleracea Mart. (Acai) in a rodent model;BMC Complementary and Alternative Medicine;15:208;Euterpe oleracea;Fruit stones;Include;HPLC-DAD confirmation of catechin and proanthocyanidin-rich extract;"Catechin was confirmed by co-injection and UV spectrum; polymeric proanthocyanidins remained class-level evidence";Sudo et al. - 2015 - Antinociceptive effects of hydroalcoholic extract from Euterpe oleracea Mart. (Acai) in a rodent mod.pdf;1;1;1;1;1;1;0;1;1
L170;10.1590/1809-4430-Eng.Agric.v37n1p148-159/2017;2017;Melo Neto et al.;Starch extraction from the peach palm (Bactris gasepaes Kunth.) fruit: a model approach for yield increase;Engenharia Agrícola;37(1):148-159;Bactris gasipaes;Mature fruit;Include;Starch extraction and process optimization;"Isolated fruit starch; validated optimal extraction yield 23.86 ± 0.07%";L6_05.pdf;1;1;1;1;1;1;0;1;1
L172;10.1590/S1678-3921.pab2023.v58.03050;2023;Girelli et al.;Drying of butiá pulp by the foam-layer method and characterization of the obtained powder;Pesquisa Agropecuária Brasileira;58:e03050;Butia spp.;Fruit pulp and foam-layer-dried powder;Include;Vitamin C and physicochemical/process characterization;"Vitamin C ranged from 56.03 mg/100 g in fresh pulp to 4.10-12.35 mg/100 g in powders; taxon identified only to genus";L6_07.pdf;1;0;1;1;1;1;1;1;1
L174;10.5151/biochem-vsimbbtec-21742;2015;Bicudo & Ribani;Anthocyanins and Antioxidant Properties of Juçara Fruits (Euterpe edulis M.) Along the On-tree Ripening Process;Blucher Biochemistry Proceedings;1(2):13-16;Euterpe edulis;Fruit pulp across six on-tree ripening stages;Include;HPLC-PDA-QTOF-MS/MS anthocyanin profiling and quantification;"Six anthocyanins reported; three first reports in juçara fruit; TAC 91.52-236.19 mg C3G equivalents/100 g dry matter";L6_09.pdf;1;1;1;1;6;6;4;1;1
L181;10.1590/S0102-695X2011005000201;2012;Koolen et al.;Triterpenes and flavonoids from the roots of Mauritia flexuosa;Revista Brasileira de Farmacognosia;22(1):189-192;Mauritia flexuosa;Roots;Include;Isolation and NMR/MS identification;"Six triterpenes and three flavonoids isolated; all first reported for Mauritia, but none is a new natural product";L6_16.pdf;1;1;1;1;9;9;8;2;2
L182;10.1590/S0102-695X2009000200002;2009;Fonseca et al.;Constituents and antioxidant activity of two varieties of coconut water (Cocos nucifera L.);Revista Brasileira de Farmacognosia;19(1B):193-198;Cocos nucifera;Green and yellow coconut water;Include;Hydrodistillation and petroleum-ether extraction with GC-FID/GC-MS;"Twenty-six volatile or extractable constituents annotated by MS library and retention index; relative compositions reported for four preparations";L6_17.pdf;1;1;1;1;26;26;19;3;4
L183;10.1590/S0101-20612008000200021;2008;Yuyama et al.;Processamento e avaliação da vida-de-prateleira do tucumã (Astrocaryum aculeatum Meyer) desidratado e pulverizado;Ciência e Tecnologia de Alimentos;28(2):408-412;Astrocaryum aculeatum;Fresh and dehydrated fruit mesocarp;Include;Proximate composition, beta-carotene and storage-quality indices;Beta-carotene was 10286.38 µg/100 g in fresh pulp and 12063.29 µg/100 g in dehydrated powder;L6_18.pdf;1;1;1;1;1;1;1;1;1
L187;10.4028/www.scientific.net/AMR.884-885.490;2014;Rattanaburee et al.;Phytochemical study and its Quantity and Quality of Fresh and Freeze-dried Young Coconut Juice (Cocos nucifera L.);Advanced Materials Research;884-885:490-493;Cocos nucifera;Young coconut water;Include;Isolation and HPLC quantification;beta-Sitosterol isolated and quantified in fresh and reconstituted freeze-dried coconut water;A0107/rattanaburee2014.pdf;1;1;1;1;1;1;1;1;1
L188;10.21577/0103-5053.20160308;2017;Almeida et al.;Dammarane Triterpenoids from Carnauba, Copernicia prunifera (Miller) H. E. Moore (Arecaceae), Wax;Journal of the Brazilian Chemical Society;28(8):1371-1376;Copernicia prunifera;Commercial carnauba wax types 1 and 4;Include;Isolation and full structure elucidation;Twenty-four constituents recorded, including 13 new dammarane derivatives;A0145/download.pdf;1;1;1;1;24;24;9;3;4
L189;10.3390/molecules24010113;2019;Cao et al.;Green Extraction of Six Phenolic Compounds from Rattan (Calamoideae faberii) with Deep Eutectic Solvent by Homogenate-Assisted Vacuum-Cavitation Method;Molecules;24(1):113;Calamoideae faberii (as published);Blade, sheath, fruit tissues and stem;Include - taxonomically unresolved;Targeted RP-HPLC and extraction optimization;"Six phenolics quantified across six organs; published botanical name is invalid";A0175/rendered.html;0;0;1;5;22;6;5;1;3
L190;10.3390/molecules24162862;2019;Yuan et al.;Two New Flavonoids from the Nuts of Areca catechu;Molecules;24(16):2862;Areca catechu;Nuts;Include;Isolation and structure elucidation;Two new flavonoids and nine known constituents isolated;A0184/rendered.html;1;1;1;1;11;11;5;2;6
L191;10.3390/nu12020533;2020;Shibuya et al.;Acai Extract Transiently Upregulates Erythropoietin by Inducing a Renal Hypoxic Condition in Mice;Nutrients;12(2):533;Euterpe oleracea;Commercial whole-fruit extract;Include - low-confidence composition;Product composition table and in vivo assay;Six fatty acids reported without an analytical method for the composition table;A0187/rendered.html;1;1;1;1;6;6;5;1;1
L193;10.3390/molecules26113433;2021;Martins et al.;Acai (Euterpe oleracea Mart.) Seed Extracts from Different Varieties: A Source of Proanthocyanidins and Eco-Friendly Corrosion Inhibition Activity;Molecules;26(11):3433;Euterpe oleracea;Seeds of three varieties;Include;ESI-MS/MS, MALDI-TOF and proanthocyanidin characterization;Catechin-derived oligomers through DP11 and PAC contents of 6.4-22.4% dry matter;A0217/rendered.html;1;1;1;1;6;6;0;1;3
L195;10.3390/gels8020126;2022;Tunit et al.;Hydrogel Containing Borassus flabellifer L. Male Flower Extract for Antioxidant, Antimicrobial, and Anti-Inflammatory Activity;Gels;8(2):126;Borassus flabellifer;Male flowers;Include;Targeted LC-MS/MS and class assays;Gallic acid, quercetin and coumarin confirmed against reference standards;A0254/rendered.html;1;1;1;1;3;3;3;1;3
L197;10.3390/ijms24043396;2023;Alshammari et al.;Antioxidant, Tyrosinase, alpha-Glucosidase, and Elastase Enzyme Inhibition Activities of Optimized Unripe Ajwa Date Pulp (Phoenix dactylifera) Extracts by Response Surface Methodology;International Journal of Molecular Sciences;24(4):3396;Phoenix dactylifera;Unripe Ajwa date pulp;Include;Tentative HRMS/MS profiling and extraction optimization;"Sixty-seven tabulated annotations include three sulfate conjugates; the article claims 70";A0273/rendered.html;1;1;1;1;67;67;17;4;13
L200;10.31055/1851.2372.v58.n4.41049;2023;Mandon & Campagna;Estudio de los frutos de Butia yatay y Syagrus romanzoffiana (Arecaceae) cultivadas con fines ornamentales como fuente de nutrientes y compuestos bioactivos;Boletin de la Sociedad Argentina de Botanica;58(4):533-546;"Butia yatay; Syagrus romanzoffiana";Fruit pulp/pericarp;Include;GC fatty-acid composition, proximate analysis and histochemistry;Thirty fatty-acid species-organ rows plus calcium oxalate evidence;A0288/1851-2372-bsab-58-04-5.pdf;2;2;2;1;32;18;16;2;2
L203;10.3390/antiox13060711;2024;Mello et al.;Bioactive Compounds and Antioxidant Capacity of Pulp, Peel and Seeds from Jeriva (Syagrus romanzoffiana);Antioxidants;13(6):711;Syagrus romanzoffiana;Fruit pulp, peel and seeds;Include;Targeted HPLC-DAD/MS and class assays;Vitamin C, six phenolics and five carotenoid forms quantified by fruit part;A0315/rendered.html;1;1;1;2;32;12;6;4;6
L205;10.1016/0009-3084(70)90066-6;1970;Litchfield;Taxonomic patterns in the fat content, fatty acid composition, and triglyceride composition of Palmae seeds;Chemistry and Physics of Lipids;4:96-103;Twelve palm species;Seed/kernel fats;Include;GC fatty-acid composition and pancreatic-lipase positional analysis;Primary triglyceride and sn-2 fatty-acid profiles for 12 palm species;1-s2.0-0009308470900666-main.pdf;12;12;12;1;178;9;9;1;1
L207;10.1016/0031-9422(95)00194-C;1995;Wiberg & Bafor;Medium chain-length fatty acids in lipids of developing oil palm kernel endosperm;Phytochemistry;39(6):1325-1327;Elaeis guineensis;Developing kernel endosperm;Include;Lipid-class quantification and fatty-acid profiling across development;Lauric and myristic acids rose in TAG during kernel development and declined in DAG/PC after 13 weeks;1-s2.0-003194229500194C-main.pdf;1;1;1;1;6;2;2;1;1
L208;10.1016/0308-8146(84)90034-7;1984;Edem, Eka & Ifon;Chemical evaluation of the nutritive value of the raffia palm fruit (Raphia hookeri);Food Chemistry;15:9-17;Raphia hookeri;Fruit peel and raw/cooked pulp;Include;Proximate, mineral, vitamin and antinutrient analyses;Explicit composition tables quantify 25 metrics across peel, raw pulp and cooked pulp;1-s2.0-0308814684900347-main.pdf;1;1;1;1;9;3;3;3;3
L211;10.1016/j.phytochem.2004.06.004;2004;Simas et al.;Structure of a heteroxylan of gum exudate of the palm Scheelea phalerata (uricuri);Phytochemistry;65:2347-2355;Scheelea phalerata (= Attalea phalerata);Gum exudate;Include;Polysaccharide isolation, GC-MS, methylation, NMR, MALDI-TOF and HPSEC-MALLS;A highly branched acidic heteroxylan and two diagnostic glucuronoxylan oligosaccharides were characterized;1-s2.0-S0031942204002420-main.pdf;1;1;1;1;3;3;0;1;1
L212;10.1016/j.foodres.2005.03.009;2005;Coisson et al.;Euterpe oleracea juice as a functional pigment for yogurt;Food Research International;38:893-897;Euterpe oleracea;Fruit juice and juice-enriched yogurt;Include;Targeted anthocyanin confirmation, food composition and DPPH assay;Cyanidin 3-O-glycoside was confirmed at more than 1600 mg/kg fresh juice;1-s2.0-S096399690500092X-main.pdf;1;1;1;1;1;1;0;1;1
L214;10.3732/ajb.89.11.1772;2002;Knudsen;Variation in floral scent composition within and between populations of Geonoma macrostachys (Arecaceae) in the western Amazon;American Journal of Botany;89(11):1772-1778;Geonoma macrostachys var. macrostachys;Inflorescence headspace;Include;Field headspace GC-MS across 62 samples;Fourteen chemically named common VOCs were extracted from a 108-feature floral-scent dataset;American J of Botany - 2002 - Knudsen - Variation in floral scent composition within and between populations of Geonoma.pdf;1;1;1;1;14;14;9;2;3
L215;10.3732/ajb.91.8.1190;2004;Caissard et al.;Localization of production and emission of pollinator attractant on whole leaves of Chamaerops humilis (Arecaceae);American Journal of Botany;91(8):1190-1199;Chamaerops humilis;Flowering leaves;Include;Leaf-part washes and dynamic headspace GC-MS;Six named major VOCs were quantified across sinus, vein and blade by two extraction modes;American J of Botany - 2004 - Caissard - Localization of production and emission of pollinator attractant on whole leaves.pdf;1;1;1;1;6;6;5;3;4
L217;10.1002/lipi.19850870310;1985;Daulatabad & Ankalgi;Component acids of Palmae seed oils;Fette, Seifen, Anstrichmittel;87(3):126-128;"Washingtonia filifera; Phoenix rupicola; Licuala grandis";Seed oils;Include;Oil extraction and chromatographic fatty-acid analysis;Twenty-four species-compound fatty-acid measurements plus oil-yield metrics;Fette  Seifen  Anstrichmittel - 1985 - Daulatabad - Component Acids of Palmae Seed Oils.pdf;3;3;3;1;24;8;8;1;1
L218;10.1002/jsfa.2740260907;1975;Macfarlane, Swetman & Cornelius;Analysis of mesocarp and kernel oils from the American oil palm and F1 hybrids with the West African oil palm;Journal of the Science of Food and Agriculture;26:1293-1298;"Elaeis oleifera; Elaeis guineensis; F1 hybrids";Mesocarp and kernel oils;Include;GC fatty-acid profiles and oil-quality measurements;Experimental profiles cover pure American oil palm, African oil palm and reciprocal F1 hybrids;J Sci Food Agric - September 1975 - Macfarlane - Analysis of mesocarp and kernel oils from the American oil palm and F1.pdf;1;2;7;2;119;11;11;1;1
L219;10.1002/ptr.1664;2005;Jimenez et al.;Secondary metabolites from Chamaedora tepejilote (Palmae) are active against Mycobacterium tuberculosis;Phytotherapy Research;19:320-322;Chamaedora tepejilote (as published);Leaves;Include;Bioassay-guided isolation with GC-MS, NMR and MS;Squalene, farnesol, methyl palmitate, beta-sitosterol and ursolic acid were identified;Phytotherapy Research - 2005 - Jimenez - Secondary Metabolites from Chamaedora tepejilote  Palmae  are Active against.pdf;1;1;1;1;5;5;4;2;4
L220;10.1055/s-2001-19366;2001;Knudsen, Tollsten & Ervik;Flower scent and pollination in selected Neotropical palms;Plant Biology;3:642-653;Fourteen Neotropical palm species;Inflorescence headspace;Include;Field headspace GC-MS;Dominant named VOCs and total feature counts were compiled for 14 species;Plant Biology - 2008 - Knudsen - Flower Scent and Pollination in Selected Neotropical Palms.pdf;10;14;14;1;63;15;13;4;5
L222;http://www.jstor.org/stable/3672227;1988;Zona & Scogin;Flavonoid aglycones and C-glycosides of the palm genus Washingtonia (Arecaceae: Coryphoideae);The Southwestern Naturalist;33(4):498;"Washingtonia filifera; Washingtonia robusta";Leaves;Include;Hydrolysis, paper chromatography and spectroscopy;"Tricin, three C-glycosides and leucocyanidin occurred in both species; kaempferol distinguished W. filifera";zona1988.pdf;1;2;2;1;11;6;6;2;4
L223;10.1016/j.lfs.2012.06.013;2012;Pinheiro, Boylan & Fernandes;Antinociceptive effect of the Orbignya speciosa Mart. (Babassu) leaves: Evidence for the involvement of apigenin;Life Sciences;91:293-300;Orbignya speciosa (= Attalea speciosa);Leaves;Include;Isolation and NMR/TLC/HPLC identification;"Apigenin was isolated from the dichloromethane leaf fraction (3 mg; 0.2% of the fraction)";1-s2.0-S0024320512003219-main.pdf;1;1;1;1;1;1;1;1;1
L225;10.1016/j.bse.2005.11.011;2006;Chakraborty et al.;Unusually high quantity of 4-hydroxybenzoic acid accumulation in cell wall of palm mesocarps;Biochemical Systematics and Ecology;34:509-513;Twenty-two Arecaceae taxa;Fruit mesocarp cell walls;Include;TLC/UV quantification with HPLC and ESI-MS confirmation;Wall-bound 4-hydroxybenzoic and ferulic acids were quantified in 22 palms;1-s2.0-S0305197806000251-main.pdf;18;15;22;1;48;3;3;1;1
L226;10.1016/j.foodchem.2006.02.026;2007;Borse et al.;Chemical composition of volatiles from coconut sap (neera) and effect of processing;Food Chemistry;101:877-880;Cocos nucifera;Inflorescence sap;Include;SDE-GC-MS quantitative volatile profiling;Fresh, clarified and fermented neera yielded 46 preparation-specific quantitative VOC occurrences;1-s2.0-S0308814606001488-main.pdf;1;1;1;1;45;25;20;4;7
L227;10.1016/j.foodchem.2008.03.015;2008;Yu et al.;Non-nutritive functional agents in rattan-shoots, a food consumed by native people in the Philippines;Food Chemistry;110:991-996;Calamus ornatus var. philippinensis (= Calamus ornatus);Tender terminal shoots;Include;"Bioassay-guided isolation; NMR and MS";Four diosgenin derivatives and beta-sitosterol glucoside were isolated;1-s2.0-S0308814608003129-main.pdf;1;1;1;1;5;5;2;1;2
L228;10.1016/j.phytol.2010.02.007;2010;da Silva & Parente;Chemical properties and antiinflammatory activity of a galactomannoglucan from Arecastrum romanzoffianum;Phytochemistry Letters;3:109-112;Arecastrum romanzoffianum (= Syagrus romanzoffiana);Fruit mesocarp;Include;Polysaccharide isolation, GC-MS, methylation and NMR;A galactomannoglucan containing galactose:mannose:glucose 10:37:53 was characterized;1-s2.0-S1874390010000236-main.pdf;1;1;1;1;1;1;0;1;1
L231;10.1002/ffj.1797;2007;Meekijjaroenroj, Bessière & Anstett;Chemistry of floral scents in four Licuala species (Arecaceae);Flavour and Fragrance Journal;22:300-310;"Licuala grandis; L. lauterbachii; L. spinosa; L. mattanensis";Floral headspace;Include;Headspace GC-MS and relative quantification;A 101-feature floral VOC dataset was resolved across four Licuala species;Flavour   Fragrance J - 2007 - Meekijjaroenroj - Chemistry of floral scents in four Licuala species  Arecaceae.pdf;1;4;4;1;152;91;68;5;8
L232;10.1007/s11746-007-1103-z;2007;Rodríguez-Leyes et al.;Fatty Acid Composition and Oil Yield in Fruits of Five Arecaceae Species Grown in Cuba;Journal of the American Oil Chemists' Society;84:765-767;Five Cuban palm species;Whole ripe fruits;Include;Soxhlet oil yield and GC fatty-acid profiles;Oil yields and nine fatty acids were quantified in five species;J Americ Oil Chem Soc - 2007 - Rodríguez‐Leyes - Fatty Acid Composition and Oil Yield in Fruits of Five Arecaceae Species.pdf;4;5;5;1;45;9;9;1;1
L233;10.1007/s11746-009-1490-4;2010;Montúfar et al.;Oenocarpus bataua Mart. (Arecaceae): Rediscovering a Source of High Oleic Vegetable Oil from Amazonia;Journal of the American Oil Chemists' Society;87:167-172;Oenocarpus bataua;Fruit mesocarp oil;Include;GC fatty acids/sterols and HPLC carotenoids/tocochromanols;Fifteen fatty acids and minor unsaponifiable constituents were quantified from 38 samples;J Americ Oil Chem Soc - 2009 - Montúfar - Oenocarpus bataua Mart   Arecaceae   Rediscovering a Source of High Oleic.pdf;1;1;1;1;25;25;21;3;5
L234;10.1080/0972060X.2011.10643928;2011;Ayoub et al.;Chemical Composition of Essential Oil from Doum Fruits Hyphaene thebaica (Palmae);Journal of Essential Oil Bearing Plants;14(2):245-249;Hyphaene thebaica;Fresh fruits;Include;"Hydrodistillation; GC and GC-MS";"Fifty identified GC-MS features were reported; incensole and incensole acetate dominated";ayoub2011.pdf;1;1;1;1;50;50;43;5;7
L235;10.1016/j.phytochem.2009.09.025;2010;Chang et al.;Cardiovascular protective flavonolignans and flavonoids from Calamus quiquesetinervius;Phytochemistry;71:271-279;"Calamus quiquesetinervius (published; = Calamus formosanus)";Stems;Include;"Bioassay-guided isolation; HPLC, HRMS, 1D/2D NMR and CD";Six new calquiquelignans and six known phenolics were characterized;chang2010.pdf;1;1;1;1;12;12;6;1;5
L236;10.1080/1478641500059276;2006;El-Sayed et al.;Antioxidant activity and two new flavonoids from Washingtonia filifera;Natural Product Research;20(1):57-61;Washingtonia filifera;Aerial parts;Include;"Isolation; NMR, MS, UV and electrophoresis";Ten flavonoids include two sulfated luteolin glucosides and two new natural products;el-sayed2006.pdf;1;1;1;1;10;10;5;2;2
L237;10.1111/j.1365-2621.2006.01493.x;2008;Seneviratne & Dissanayake;Variation of phenolic content in coconut oil extracted by two conventional methods;International Journal of Food Science and Technology;43:597-602;Cocos nucifera;Kernel-derived coconut oils;Include;HPLC-fluorescence quantification and LC-MS confirmation;Four phenolics were quantified in commercial and traditional coconut oils;j.1365-2621.2006.01493.x.pdf;1;1;1;1;8;4;3;1;2
L238;10.1080/10286020802684631;2009;Yuan et al.;Phenolic compounds with cell protective activity from the fruits of Livistona chinensis;Journal of Asian Natural Products Research;11(3):243-249;Livistona chinensis;Fruits;Include;"Isolation; HPLC, NMR and HRMS";Three new livistones and eleven known compounds were isolated;yuan2009.pdf;1;1;1;1;14;14;4;2;4
L239;10.1016/j.actatropica.2013.08.003;2013;Demirci et al.;Phoenix dactylifera L. spathe essential oil: Chemical composition and repellent activity against the yellow fever mosquito;Acta Tropica;128:557-560;Phoenix dactylifera;Fresh spathe;Include;GC-MS essential-oil profile;"Sixteen essential-oil constituents were quantified; 3,4-dimethoxytoluene represented 73.47%";1-s2.0-S0001706X13002088-main.pdf;1;1;1;1;16;16;12;5;7
L240;10.1016/j.phytochem.2013.07.008;2013;Siles, Cela & Munné-Bosch;Vitamin E analyses in seeds reveal a dominant presence of tocotrienols over tocopherols in the Arecaceae family;Phytochemistry;95:207-214;Eighty-four Arecaceae species;Seeds and dissected seed tissues;Include;HPLC-fluorescence tocochromanol profiling;"Tocotrienols occurred in 83 of 84 palms; the available main table resolves eight homologues in six species and three seed tissues";1-s2.0-S0031942213002628-main.pdf;6;6;6;1;69;7;0;2;2
L241;10.1590/S0102-695X2013005000061;2013;de Oliveira et al.;Flavonoids from leaves of Mauritia flexuosa;Revista Brasileira de Farmacognosia;23(4):614-620;Mauritia flexuosa;Leaves;Include;Chromatographic isolation and NMR/MS;"Six flavonoid glycosides were isolated; five were first records for the species";1-s2.0-S0102695X13700772-main.pdf;1;1;1;1;6;6;6;1;3
L243;10.1016/j.fitote.2014.09.020;2014;Hu et al.;Antioxidant neolignan and phenolic glucosides from the fruit of Euterpe oleracea;Fitoterapia;99:178-183;Euterpe oleracea;Fruit;Include;"Bioassay-guided isolation; HRMS and NMR";Three new glucosides and six known compounds were isolated;1-s2.0-S0367326X14002688-main.pdf;1;1;1;1;9;9;1;2;6
L245;10.1016/j.indcrop.2013.04.006;2013;Moreira et al.;Characterization of Syagrus romanzoffiana oil aiming at biodiesel production;Industrial Crops and Products;48:57-60;Syagrus romanzoffiana;Seeds;Include;Seed-oil fatty-acid profiling and fuel characterization;Eight fatty acids were quantified in the native seed oil;1-s2.0-S0926669013001660-main.pdf;1;1;1;1;8;8;8;1;1
L246;10.1016/j.foodres.2013.06.002;2013;Ferrão et al.;Evaluation of composition and quality parameters of jelly palm (Butia odorata) fruits from different regions of Southern Brazil;Food Research International;54:57-62;Butia odorata;Fruit pulp;Include;Proximate analysis and GC-FID fatty-acid profiling;Nine fruit samples yielded tissue composition metrics and 144 quantitative fatty-acid records;1-s2.0-S0963996913003293-main.pdf;1;1;1;1;144;16;15;1;1
L247;10.1016/j.jscs.2011.02.015;2013;Aslam, Khan & Khan;Quantification of water soluble vitamins in six date palm cultivar's fruits growing in Dubai, United Arab Emirates, through high performance liquid chromatography;Journal of Saudi Chemical Society;17:9-16;Phoenix dactylifera;Fruits at three maturity stages;Include;HPLC vitamin profiling;"Qualitative cultivar/stage occurrences were extracted; graph-only concentrations were not digitized";1-s2.0-S1319610311000482-main.pdf;1;1;1;1;52;6;6;1;1
L248;10.1016/S1995-7645(13)60142-X;2013;Renjith, Chikku & Rajamohan;Cytoprotective, antihyperglycemic and phytochemical properties of Cocos nucifera (L.) inflorescence;Asian Pacific Journal of Tropical Medicine;6(10):804-810;Cocos nucifera;Immature inflorescence;Include;Class-level screening, macronutrients and HPLC amino acids;"Fourteen amino acids were evidenced by the source chromatogram; class tests and extraction metrics were retained separately";1-s2.0-S199576451360142X-main.pdf;1;1;1;1;14;14;1;1;1
L249;10.1051/fruits/2014020;2014;Amorós et al.;Physico-chemical and functional characteristics of date fruits from different Phoenix species (Arecaceae);Fruits;69:263-274;Five Phoenix species;Fruits, Khalal and Rutab stages;Include;HPLC sugars/organic acids and antioxidant metrics;Sugars and organic acids were quantified across five species and two maturity stages;10.1051@fruits@2014020.pdf;1;5;5;1;68;7;7;4;4
L251;10.1002/pca.2442;2013;Sterling et al.;1H-NMR Quantification of Major Saccharides in Açaí Raw Materials: a Comparison of the Internal Standard Methodology with the Absolute Intensity qNMR Method;Phytochemical Analysis;24:631-637;Euterpe oleracea;Processed raw materials;Include;1H-qNMR method comparison;Glucose, sucrose and fructose were compared in three raw materials by two qNMR methods;Phytochemical Analysis - 2013 - Sterling - 1H‐NMR Quantification of Major Saccharides in A a  Raw Materials  a Comparison.pdf;1;1;1;1;9;3;3;2;2
L252;10.3109/13880209.2012.674141;2012;Mulabagal, Keller & Calderón;Quantitative analysis of anthocyanins in Euterpe oleracea (açaí) dietary supplement raw materials and capsules by Q-TOF liquid chromatography/mass spectrometry;Pharmaceutical Biology;50(10):1289-1296;Euterpe oleracea;Processed raw materials and capsules;Include;ESI-LC-QTOF-MS/MS quantification;Four anthocyanins were quantified at baseline and after 30 days in four product matrices;Quantitative analysis of anthocyanins in Euterpe oleracea  a a   dietary supplement raw materials and capsules by Q-TOF liquid chromatography mass spe.pdf;1;1;1;1;14;4;0;1;1
L253;10.1080/12538078.2012.758496;2012;Gaceb-Terrak & Rahmania;Détection et identification de saponines stéroïdes de type spirostane chez le palmier dattier Phoenix dactylifera L. (Arecaceae);Acta Botanica Gallica;159(4):477-483;Phoenix dactylifera;Leaflets;Include;Acid hydrolysis and GC-MS;Two priority spirostane sapogenin signals were retained with an explicit hydrolysis/nomenclature caveat;gaceb-terrak2012.pdf;1;1;1;1;2;2;2;1;1
L254;10.1080/14786419.2013.793685;2013;Koolen et al.;Mauritic acid: a new dammarane triterpene from the roots of Mauritia flexuosa L.f. (Arecaceae);Natural Product Research;27(22):2118-2125;Mauritia flexuosa;Roots;Include;"Isolation; HRMS and 1D/2D NMR";Mauritic acid was characterized as a new dammarane triterpene alongside three known triterpenoids;koolen2013.pdf;1;1;1;1;4;4;2;1;1
L255;10.1089/jmf.2014.0077;2015;Lescano et al.;Diuretic and Anti-Inflammatory Activities of the Microencapsulated Acrocomia aculeata (Arecaceae) Oil on Wistar Rats;Journal of Medicinal Food;18(6):656-662;Acrocomia aculeata;Fruit pulp oil;Include;GC-FID fatty-acid profiling;"Eighteen fatty acids were quantified in pressed pulp oil; oleic acid was 65.68%";lescano-et-al-2014-diuretic-and-anti-inflammatory-activities-of-the-microencapsulated-acrocomia-aculeata-(arecaceae).pdf;1;1;1;1;18;18;17;2;2
L256;10.1556/JPC.25.2012.5.4;2012;Rumalla et al.;Densitometric-HPTLC Method Development and Analysis of Anthocyanins from Acai (Euterpe oleracea Mart.) Berries and Commercial Products;Journal of Planar Chromatography;25:409-414;Euterpe oleracea;Berries and commercial products;Include;Densitometric HPTLC;Cyanidin-3-O-rutinoside and cyanidin-3-O-glucoside were measured in authenticated and commercial materials;rumalla2012.pdf;1;1;1;1;15;2;0;1;1
L257;10.1016/j.lwt.2016.07.075;2016;Murugan, Chandran & Parimelazhagan;Effect of in vitro simulated gastrointestinal digestion of Phoenix loureirii on polyphenolics, antioxidant and acetylcholinesterase inhibitory activities;LWT - Food Science and Technology;74:363-370;Phoenix loureiroi;Peduncle and fruit;Include;HPLC polyphenols and class/bioactivity metrics;Seven individual polyphenols and digestion-dependent class metrics were extracted;1-s2.0-S0023643816304868-main.pdf;1;1;1;2;13;7;6;1;3
L258;10.1016/j.phytochem.2016.02.002;2016;Srimany et al.;Developmental patterning and segregation of alkaloids in areca nut (seed of Areca catechu) revealed by magnetic resonance and mass spectrometry imaging;Phytochemistry;125:35-42;Areca catechu;Seed;Include;MRI/MRS and DESI/ESI mass-spectrometry imaging;Four major areca alkaloids were mapped during seed maturation;1-s2.0-S0031942216300188-main.pdf;1;1;1;1;4;4;4;1;1
L259;10.1016/j.carbpol.2016.11.090;2017;Cantu-Jungles et al.;Extraction and characterization of pectins from primary cell walls of edible açaí (Euterpe oleraceae) berries, fruits of a monocotyledon palm;Carbohydrate Polymers;158:37-43;Euterpe oleracea;Fruit pulp/cell wall;Include;Polysaccharide isolation, HPSEC, methylation and NMR;Homogalacturonan, mannoglucan, type-II arabinogalactan and rhamnogalacturonan-I were characterized;1-s2.0-S0144861716313662-main.pdf;1;1;1;1;4;4;0;1;1
L261;10.1016/j.foodchem.2016.09.188;2017;Boeing et al.;Chemical characterization and protective effect of the Bactris setosa Mart. fruit against oxidative/nitrosative stress;Food Chemistry;220:427-437;Bactris setosa;Fruit pulp, peel and seed;Include;HPLC-DAD-MSn phenolics and carotenoids;Anthocyanins, non-anthocyanin phenolics and lutein were quantified by fruit part;1-s2.0-S0308814616315886-main.pdf;1;1;1;3;26;26;4;2;7
L262;10.1016/j.foodchem.2017.05.154;2017;Hoffmann et al.;Stability of bioactive compounds in butiá (Butia odorata) fruit pulp and nectar;Food Chemistry;237:638-644;Butia odorata;Fruit pulp and nectar;Include;Processing/storage stability and HPLC phenolics;Thirteen phenolics were quantified after pulp and nectar storage;1-s2.0-S0308814617309664-main.pdf;1;1;1;1;13;13;8;1;4
L263;10.1016/j.etp.2017.06.004;2017;Daoud et al.;Cardiopreventive effect of ethanolic extract of Date Palm Pollen against isoproterenol induced myocardial infarction in rats through the inhibition of the angiotensin-converting enzyme;Experimental and Toxicologic Pathology;69:656-665;Phoenix dactylifera;Pollen;Include;LC-HRESIMS metabolite annotation;Twenty-nine suggested metabolites were reported in date-palm pollen extract;1-s2.0-S0940299316303566-main.pdf;1;1;1;1;28;28;15;3;12
L264;10.1016/j.foodres.2016.10.018;2017;Abu-Reidah et al.;Phenolic composition profiling of different edible parts and by-products of date palm (Phoenix dactylifera L.) by using HPLC-DAD-ESI/MSn;Food Research International;100:494-500;Phoenix dactylifera;Pulp, skin, frond, cluster and pollen;Include;HPLC-DAD-ESI/MSn flavonoid profiling;Fifty-one named phenolic peaks were retained, including thirteen sulfated flavonoid derivatives;1-s2.0-S0963996916304458-main.pdf;1;1;1;5;51;51;2;1;3
L266;10.1080/13880209.2016.1224257;2016;de Almeida et al.;Antiprotozoal activity of extracts and isolated triterpenoids of carnauba (Copernicia prunifera) wax from Brazil;Pharmaceutical Biology;54(12):3280-3284;Copernicia prunifera;Leaf wax;Include;"Bioactivity-guided isolation; MS and NMR";Three dammarane triterpenoids were isolated and their antiprotozoal activities quantified;Antiprotozoal activity of extracts and isolated triterpenoids of  carnauba   Copernicia prunifera  wax from Brazil.pdf;1;1;1;1;3;3;0;1;1
L267;10.1155/2017/6376173;2017;Paim et al.;Antihypercholesterolemic Effects of Fruit Aqueous Extract of Copernicia prunifera (Miller) H. E. Moore in Mice Diet-Induced Hypercholesterolemia;Evidence-Based Complementary and Alternative Medicine;2017:6376173;Copernicia prunifera;Unripe fruit pulp;Include;Pectin isolation and spectroscopic/chromatographic characterization;Low-methoxyl pectin containing galacturonic acid, galactose and arabinose was characterized;Evidence-Based Complementary and Alternative Medicine - 2017 - Paim - Antihypercholesterolemic Effects of Fruit Aqueous.pdf;1;1;1;1;4;4;1;2;3
L270;10.1080/14786419.2014.1003137;2015;Hao et al.;Three new flavans in dragon's blood from Daemonorops draco;Natural Product Research;2015:online first;Daemonorops draco;Fruit resin;Include;"Chromatographic isolation; HR-EI-MS and NMR";Three new 2-methoxyflavans and eight known compounds were isolated;hao2015.pdf;1;1;1;1;11;11;9;1;3
L271;10.4155/fmc-2017-0010;2017;Hifnawy et al.;Comparative chemical and biological studies of leaves and pollens of Phoenix canariensis hort. ex Chabaud;Future Medicinal Chemistry;9(9):871-880;Phoenix canariensis;Leaves and pollen;Include;Chromatographic isolation and NMR/MS;"Five glycosides were isolated; two were first reports in the genus/species";hifnawy2017.pdf;1;1;1;3;5;5;4;2;3
L272;10.1021/acs.jafc.6b03203;2017;Hoffmann et al.;Butia spp. (Arecaceae) LC-MS-Based Metabolomics for Species and Geographical Origin Discrimination;Journal of Agricultural and Food Chemistry;65:523-532;Butia spp.;Fruit;Include;LC-ESI-qTOF-MS metabolomics and targeted quantification;"Thirty-nine semipolar compounds were characterized; geographic and species markers were quantified";jf6b03203.pdf;1;0;1;1;34;34;17;5;10
L276;10.1080/14786419.2015.1055744;2015;Shoeb, Khondker & Nahar;A new steroidal glycoside from Corypha taliera Roxb., a globally endangered species;Natural Product Research;2015:online first;Corypha taliera;Fruit pericarp;Include;"HPLC isolation; HR-ESI-MS and NMR";One new beta-sitosterol tetraglycoside was isolated;shoeb2015.pdf;1;1;1;1;1;1;0;1;1
L277;10.1016/j.bjp.2018.09.003;2018;Hifnawy et al.;Nutritional and biological evaluation of Phoenix canariensis pollen grains;Revista Brasileira de Farmacognosia;28:710-715;Phoenix canariensis;Pollen grains;Include;Nutrients, amino acids, vitamins and isolated steroidal saponins;Dioscin and methyl protodioscin were isolated and quantified with nutritional constituents;1-s2.0-S0102695X1830396X-main.pdf;1;1;1;1;21;21;4;3;3
L278;10.1016/j.bjp.2019.03.004;2019;Silva et al.;Obtaining and characterization of anthocyanins from Euterpe oleracea (açaí) dry extract for nutraceutical and food preparations;Revista Brasileira de Farmacognosia;29:677-685;Euterpe oleracea;Fruit dry extract;Include;Anthocyanin extraction optimization and physicochemical characterization;Cyanidin-3-O-glucoside and class/mineral metrics were retained;1-s2.0-S0102695X18307336-main.pdf;1;1;1;1;1;1;0;1;1
L279;10.1016/j.fitote.2019.104276;2019;Cao et al.;Two new alkaloids isolated from traditional Chinese medicine Binglang the fruit of Areca catechu;Fitoterapia;138:104276;Areca catechu;Dried fruit;Include;Isolation and structure elucidation;Two new alkaloids and forty-one known compounds were isolated;1-s2.0-S0367326X19312250-main.pdf;1;1;1;1;43;43;24;6;13
L281;10.1016/j.indcrop.2017.12.021;2018;Dario et al.;Synergistic photoprotective activity of nanocarrier containing oil of Acrocomia aculeata (Jacq.) Lodd. Ex. Martius-Arecaceae;Industrial Crops and Products;112:305-312;Acrocomia aculeata;Fruit pulp and almond oils;Include;Fatty-acid profile, phenolics, carotenoids and formulation metrics;Cold-pressed oils were chemically characterized before nanocarrier formulation;1-s2.0-S0926669017308518-main.pdf;1;1;1;2;10;10;9;2;2
L282;10.1016/j.indcrop.2018.09.004;2018;Andrade et al.;Antioxidant and antifungal activity of carnauba wax powder extracts;Industrial Crops and Products;125:220-227;Copernicia prunifera;Leaf epicuticular wax powder;Include;HPLC phenolics, class metrics and bioactivity;Gallic acid, catechin and chlorogenic acid were first reported in carnauba wax;1-s2.0-S0926669018308021-main.pdf;1;1;1;1;3;3;2;1;2
L284;10.17660/th2018/73.2.5;2018;Hoffmann et al.;Flavan-3-ol, flavanone, flavone, flavonol, phenolic acid, and stilbene contents of four Butia species (Arecaceae);Fruits;73(2):125-137;"Butia catarinensis; Butia odorata; Butia paraguayensis; Butia yatay";Ripe fruit flesh;Include;LC-MS identification and quantification of phenolics;"Twenty-two phenolics were identified; genotype-resolved phenolic-acid values were extracted";2018_2_125-137.pdf;1;4;4;1;83;22;13;1;6
L285;10.1002/cbdv.202000707;2020;Giuliani et al.;Anatomical Investigation and GC/MS Analysis of 'Coco de Mer', Lodoicea maldivica (Arecaceae);Chemistry and Biodiversity;17:e2000707;Lodoicea maldivica;Fruit exocarp and mesocarp;Include;GC-MS volatile profile;Nineteen volatile terpenoids were reported semiquantitatively;Chemistry   Biodiversity - 2020 - Giuliani - Anatomical Investigation and GC MS Analysis of  Coco de Mer   Lodoicea.pdf;1;1;1;1;19;19;13;2;2
L286;10.1155/2018/2051279;2018;Pereira-Freire et al.;In Vitro and Ex Vivo Chemopreventive Action of Mauritia flexuosa Products;Evidence-Based Complementary and Alternative Medicine;2018:2051279;Mauritia flexuosa;Fruit pulp, peel and endocarp;Include;HPLC phenolics, class metrics and simulated digestion;Five phenolics and organ-resolved bioactive-class values were retained;Evidence-Based Complementary and Alternative Medicine - 2018 - Pereira-Freire - In Vitro and Ex Vivo Chemopreventive Action.pdf;1;1;1;2;8;5;3;1;4
L287;10.4103/jpnr.JPNR_12_18;2019;Afifi et al.;Biological Evaluation of Certain Plants of Family Salicaceae and Arecaceae;Journal of Pharmaceutical Negative Results;10:32-35;"Archontophoenix alexandrae; Dictyosperma album";Leaves;Include;Qualitative phytochemical screening;Six phytochemical classes were positive in both Arecaceae leaf extracts;JPharmNegativeResults_2019_10_1-36-39.pdf;2;2;2;1;12;6;0;3;5
L289;10.3233/MNM-17174;2018;Dhanyakrishnan et al.;Morphological and molecular effects of phenolic extract from coconut kernel on human prostate cancer cell growth in vitro;Mediterranean Journal of Nutrition and Metabolism;11:21-36;Cocos nucifera;Kernel;Include;Tentative LC-MS profiling of a phenolic-rich fraction;Eight source-defined annotations were retained conservatively;dhanyakrishnan-et-al-2018-morphological-and-molecular-effects-of-phenolic-extract-from-coconut-kernel-on-human-prostate.pdf;1;1;1;1;8;8;3;3;4
L293;10.3233/JBR190449;2020;Quesada et al.;Bactris guineensis (Arecaceae) extract: polyphenol characterization, antioxidant capacity and cytotoxicity against cancer cell lines;Journal of Berry Research;online proof:1-15;Bactris guineensis;Fruit pulp;Include;HPLC-UV-HRMS proanthocyanidins and anthocyanins;Procyanidins, anthocyanins and quercetin glycosides were characterized;quesada2020.pdf;1;1;1;1;9;9;3;1;4
L294;10.17129/botsci.2057;2019;Armenta-Méndez et al.;Proximal chemical analysis and secondary metabolites in Washingtonia robusta fruit (Arecaceae): relevance for the feeding of wildlife and human;Botanical Sciences;97(2):155-166;Washingtonia robusta;Fruit pulp and seed;Include;UHPLC phenolics/flavonoids and proximate composition;Thirteen named phenolics/flavonoids and organ-resolved nutritional values were extracted;sarias,+04.-+2057.pdf;1;1;1;2;14;12;11;2;5
L295;10.1080/10286020.2017.1307187;2017;Tang et al.;Three new areca alkaloids from the nuts of Areca catechu;Journal of Asian Natural Products Research;19(12):1155-1159;Areca catechu;Nuts;Include;Isolation and full structure elucidation;Three new areca alkaloids and five known alkaloids were isolated;tang2017.pdf;1;1;1;1;8;8;4;2;2
L296;10.1080/14786419.2017.1375919;2018;Trinh et al.;New cerebroside and chondrocyte proliferation activity of Caryota mitis L.;Natural Product Research;32(22):2632-2638;Caryota mitis;Fruit;Include;Isolation and structure elucidation;One new cerebroside and eight known compounds were isolated;trinh2017.pdf;1;1;1;1;9;9;6;3;5
L297;10.1016/j.steroids.2020.108724;2020;Chi et al.;Steroidal saponins from Raphia vinifera and their cytotoxic activity;Steroids;163:108724;Raphia vinifera;Fruits;Include;Isolation and structure elucidation of steroidal saponins;Four new steroidal saponins and six known metabolites were isolated;1-s2.0-S0039128X20301501-main.pdf;1;1;1;1;10;10;5;1;2
L298;10.1016/j.jfca.2020.103611;2020;Ersan et al.;Phytochemical and mineral composition of fruits and seeds of wild-growing Bactris guineensis palms from Costa Rica;Journal of Food Composition and Analysis;94:103611;Bactris guineensis;Mesocarp, exocarp and kernel;Include;HRMS phenolics, carotenoids, tocopherol, fatty acids and minerals;Thirty phenolic peaks, carotenoids, alpha-tocopherol and kernel lipids were quantified;1-s2.0-S0889157520313168-main.pdf;1;1;1;2;48;47;24;4;12
L302;10.1016/j.matpr.2020.05.393;2021;Mariselvam et al.;An insight into leaf secretions of Asian palmyra palm: A wound healing material from nature;Materials Today: Proceedings;47:733-738;Borassus flabellifer;Leaf secretions;Include;Qualitative phytochemical screening;Six positive phytochemical classes were reported;1-s2.0-S2214785320339730-main.pdf;1;1;1;1;6;6;0;4;5
L306;10.1002/aocs.12374;2020;Didonet et al.;Characterization of Amount and Quality of Tucuman Kernel Oil as a Potential Biomass;Journal of the American Oil Chemists' Society;97:955-962;Astrocaryum aculeatum;Kernel oil;Include;Oil yield, fatty acids and oxidative stability;Lauric-rich kernel oil was characterized across Amazonian collection sites;J Americ Oil Chem Soc - 2020 - Didonet - Characterization of Amount and Quality of Tucuman Kernel Oil as a Potential.pdf;1;1;1;1;10;10;10;1;1
L308;10.1111/jfbc.13648;2021;El-Akad et al.;Comparative metabolites profiling of Caryota mitis and Caryota urens via UPLC/MS and isolation of two novel in silico chemopreventive flavonoids;Journal of Food Biochemistry;45:e13648;"Caryota mitis; Caryota urens";Leaves and fruits;Include;UPLC-HRMS metabolomics and direct flavonoid isolation;Two new 3-O-sulfated flavonol glycosides were isolated from C. mitis leaves;Journal of Food Biochemistry - 2021 - El‐Akad - Comparative metabolites profiling of Caryota mitis   Caryota urens via UPLC.pdf;1;2;3;2;15;15;9;2;7
L309;10.1021/acsomega.9b01962;2020;Oliveira et al.;Chemical Constituents and Antileishmanial and Antibacterial Activities of Essential Oils from Scheelea phalerata;ACS Omega;5:1363-1370;Scheelea phalerata;Leaves;Include;Seasonal GC-FID/GC-MS essential-oil composition;Thirty identified volatiles were reported across dry and rainy seasons;ao9b01962.pdf;1;1;1;1;33;33;30;5;9
L310;10.1080/0972060X.2020.1743768;2020;Atghaei et al.;Essential Oil Content and Composition of the Spathe in Some Date Palm Varieties in Iran;Journal of Essential Oil Bearing Plants;23:335-344;Phoenix dactylifera;Spathe;Include;Cultivar-resolved GC-MS essential-oil composition;Seventeen compounds were identified across eight date varieties;atghaei2020.pdf;1;1;1;1;17;17;16;5;7
L311;10.1080/14786419.2019.1624959;2020;Caro et al.;Chemical characterization of unconventional palm oils from Hyophorbe indica and two other endemic Arecaceae species from Reunion Island;Natural Product Research;34:3555-3563;"Hyophorbe indica; Dictyosperma album; Latania lontaroides";Seeds and seed oils;Include;Fatty acids and HPLC carotenoids;Species-resolved fatty-acid and carotenoid profiles were reported;caro2019.pdf;3;3;3;1;35;27;15;3;3
L313;10.1093/aob/mcz175;2020;Guerin et al.;Palm seed and fruit lipid composition: phylogenetic and ecological perspectives;Annals of Botany;125:157-172;174 seed and 144 fruit Arecaceae species;Seeds and mesocarp;Include;Family-wide lipid content and fatty-acid survey;A broad primary survey established phylogenetic patterns and unusual fatty-acid profiles;mcz175.pdf;0;0;1;1;10;10;7;1;1
L316;10.1080/14786419.2019.1696331;2021;Souza et al.;Antiproliferative activity and energy calculations of a new triterpene isolated from the palm tree Acrocomia totai;Natural Product Research;35:2445-2453;Acrocomia totai;Leaves;Include;Isolation, NMR, HRMS and X-ray crystallography;Totaiol was reported as a new hopane triterpene with six known metabolites;souza2019.pdf;1;1;1;1;7;7;6;2;3
L317;10.1016/j.phytochem.2021.112684;2021;Gutbrod et al.;Fatty acid isoprenoid alcohol ester synthesis in fruits of the African Oil Palm (Elaeis guineensis);Phytochemistry;185:112684;Elaeis guineensis;Mesocarp, kernel and leaves;Include;Q-TOF-MS profiling and quantification of FAPE/FAGGE molecular species;FAPEs and FAGGEs were identified and quantified in fruit tissues and leaves;1-s2.0-S0031942221000315-main.pdf;1;1;1;2;28;20;0;1;1
L318;10.1016/j.steroids.2021.108888;2021;Otify et al.;Phoenix dactylifera L. date tree pollen fertility effects on female rats in relation to its UPLC-MS profile via a biochemometric approach;Steroids;173:108888;Phoenix dactylifera;Pollen;Include;UPLC-PDA-Orbitrap-MS metabolite profiling;Seventy-six peaks were annotated, including a 2''-sulfated kaempferol hexoside;1-s2.0-S0039128X21001008-main.pdf;1;1;1;1;55;55;6;6;10
L323;10.1016/j.indcrop.2021.113246;2021;Oliveira et al.;Photoprotective and antiglycation activities of non-toxic Cocos nucifera husk fiber ethanol extract and its phenol chemical composition;Industrial Crops & Products;162:113246;Cocos nucifera;Husk fiber;Include;HPLC-UV and UHPLC-MS/MS phenolic profiling;Seven phenolics were identified in yellow dwarf coconut husk extract;1-s2.0-S0926669021000108-main.pdf;1;1;1;1;7;7;5;1;3
L324;10.1016/j.foodres.2021.110260;2021;de Souza et al.;Evaluation of antioxidant capacity, fatty acid profile, and bioactive compounds from buritirana (Mauritiella armata Mart.) oil;Food Research International;142:110260;Mauritiella armata;Fruit fractions;Include;Supercritical extraction, GC, HPLC and ESI-MS/MS;Fatty acids, alpha-tocopherol and twenty polar compounds were characterized;1-s2.0-S0963996921001599-main.pdf;1;1;1;1;21;21;9;4;7
L325;10.1016/j.foodres.2022.111995;2022;Rodrigues et al.;Determination of amino acid content, fatty acid profiles, and phenolic compounds in non-conventional edible fruits of seven species of palm trees native to southern South America;Food Research International;162:111995;Eight Arecaceae taxa;Fruit pulp and seeds;Include;HPLC/fluorescence and LC-ESI-MS/MS quantitative profiling;Amino acids, seed fatty acids and pulp phenolics were quantified across eight taxa;1-s2.0-S0963996922010535-main.pdf;4;7;7;2;303;47;28;4;10
L326;10.1016/j.plaphy.2021.12.020;2022;Sa et al.;Spatio-temporal characterization of the fruit metabolism in contrasting accessions of Macauba (Acrocomia aculeata);Plant Physiology and Biochemistry;171:14-25;Acrocomia aculeata;Mesocarp and endosperm;Include;Developmental biochemical composition;Seven metabolite/reserve pools were quantified across three accessions and fruit stages;1-s2.0-S0981942821006343-main.pdf;1;1;1;2;189;7;3;4;6
L329;10.1002/cbdv.202100788;2022;Oliveira et al.;Natural Occurring Phenolic Derivatives from Mauritia flexuosa (Buriti) Stems and Their Potential Antibacterial Activity against MRSA;Chemistry & Biodiversity;19:e202100788;Mauritia flexuosa;Stems;Include;Direct isolation and structure elucidation;Seven compounds were isolated, including four new natural products;Chemistry   Biodiversity - 2022 - Oliveira - Natural Occurring Phenolic Derivatives from Mauritia flexuosa  Buriti  Stems.pdf;1;1;1;1;7;7;1;2;3
L331;10.1155/2022/4129045;2022;Oluyori et al.;In Vivo Antiplasmodial Potential of the Leaf, Mesocarp, and Epicarp of the Raphia hookeri Plant;Evidence-Based Complementary and Alternative Medicine;2022:4129045;Raphia hookeri;Leaf, mesocarp and epicarp;Include;GC-MS and phytochemical assays;Twenty leaf constituents and organ-resolved class metrics were reported;Evidence-Based Complementary and Alternative Medicine - 2022 - Oluyori - In Vivo Antiplasmodial Potential of the Leaf .pdf;1;1;1;1;20;20;19;5;7
L333;10.1021/acsomega.0c06104;2021;Guedes et al.;Proanthocyanidins with Corrosion Inhibition Activity for AISI 1020 Carbon Steel under Neutral pH Conditions of Coconut Husk Fibers;ACS Omega;6:6893-6901;Cocos nucifera;Husk fibers;Include;HPLC, ESI-MS/MS, MALDI-TOF and phloroglucinolysis;Coconut husk proanthocyanidins and their subunit composition were characterized;ao0c06104.pdf;1;1;1;1;11;11;2;2;4
L334;10.1039/d2ra01306a;2022;El-hawary et al.;Secondary metabolites of Livistona decipiens as potential inhibitors of SARS-CoV-2;RSC Advances;12:19505-19511;Livistona decipiens;Leaves and fruit;Include;LC-HRESIMS dereplication;Twelve metabolites were dereplicated from leaf and fruit extracts;d2ra01306a.pdf;1;1;1;2;18;12;10;2;7
L335;10.1080/01480545.2020.1858854;2020;Malayil et al.;Borassus flabellifer haustorium extract prevents pro-oxidant mediated cell death and LPS-induced inflammation;Drug and Chemical Toxicology;Online ahead of print;Borassus flabellifer;Haustorium;Include;LC-MS phenolic profiling and class assays;Seven phenolics plus total polyphenol and flavonoid contents were reported;malayil2020.pdf;1;1;1;1;7;7;6;1;3
L336;10.1016/j.sajb.2023.03.018;2023;Mohammed et al.;Chemical composition and anti-proliferative activities of Hyophorbe lagenicaulis aerial parts and their biogenic nanoparticles supported by network pharmacology study;South African Journal of Botany;156:398-410;Hyophorbe lagenicaulis;Aerial parts;Include;UPLC-HESI-HRMS dereplication;Eighteen chromatographic signals were annotated, including a 4''-sulfated luteolin glucoside;1-s2.0-S0254629923001308-main.pdf;1;1;1;1;18;18;7;6;11
L337;10.1016/j.sajb.2023.08.026;2023;Mohammed et al.;Metabolic profiling and cytotoxic activities of ethanol extract of Dypsis leptocheilos aerial parts and its green synthesized silver nanoparticles supported by network pharmacology analysis;South African Journal of Botany;161:648-665;Dypsis leptocheilos;Aerial parts;Include;UPLC-HESI-HRMS dereplication;Twenty-one chromatographic signals representing 29 candidate structures were reported;1-s2.0-S0254629923004787-main.pdf;1;1;1;1;21;21;6;4;11
L339;10.1016/j.jep.2023.116612;2023;Queiros et al.;Effects of Mauritia flexuosa L. f. buriti oil on symptoms induced by Bothrops moojeni snake envenomation;Journal of Ethnopharmacology;313:116612;Mauritia flexuosa;Fruit pulp oil;Include;GC-MS oil profiling;Fifteen constituents accounted for 90.95% of the traditionally produced oil;1-s2.0-S0378874123004804-main.pdf;1;1;1;1;15;15;12;2;2
L340;10.1016/j.micpath.2023.106147;2023;Sampaio et al.;Chemical composition and antimicrobial potential of Acrocomia aculeata and Syagrus cearensis;Microbial Pathogenesis;180:106147;"Acrocomia aculeata; Syagrus cearensis";Seed fixed oils;Include;Fatty-acid profiling;Eight fatty acids were quantified in each seed oil;1-s2.0-S0882401023001808-main.pdf;2;2;2;1;16;8;8;1;1
L341;10.1016/j.bcab.2022.102423;2022;Oliveira et al.;Synchronization between photosynthetic responses to seasonality during fruit development and fatty acid profile of mesocarp oil in macauba;Biocatalysis and Agricultural Biotechnology;43:102423;Acrocomia aculeata;Developing fruit mesocarp oil;Include;Developmental fatty-acid profiling;Five principal fatty acids were followed across fruit development;1-s2.0-S1878818122001505-main.pdf;1;1;1;1;5;5;4;1;1
L344;10.1002/cbdv.202300340;2023;Dubey et al.;Metabolomic Profile by GC/MS and Antioxidant, Antidiabetic and Anti-Inflammatory Activities of Green Solvent Extracts of Heterospathe elata Leaves;Chemistry & Biodiversity;20:e202300340;Heterospathe elata;Leaves;Include;GC-MS and class-level assays;Nineteen GC-MS constituents were quantified in the hydroalcoholic extract;Chemistry   Biodiversity - 2023 - Dubey - Metabolomic Profile by GC MS and Antioxidant  Antidiabetic and Anti‐Inflammatory.pdf;1;1;1;1;19;19;15;4;4
L345;10.1002/fsn3.3196;2023;Shajib et al.;GC-MS analysis and pharmacological evaluations of Phoenix sylvestris seeds;Food Science & Nutrition;11:1553-1562;Phoenix sylvestris;Seeds;Include;GC-MS and class-level assays;Forty-two GC-MS constituents plus total phenolics and flavonoids were reported;Food Science   Nutrition - 2022 - Shajib - GC MS analysis and pharmacological evaluations of Phoenix sylvestris  Roxb  .pdf;1;1;1;1;42;42;23;5;9
L346;10.1002/fsn3.3489;2023;Srinivasan et al.;GC-MS, alpha-amylase, and alpha-glucosidase inhibition and molecular docking analysis of Phoenix pusilla fruit;Food Science & Nutrition;11:5304-5317;Phoenix pusilla;Ripe fruits;Include;GC-MS profiling;Twenty-five GC-MS constituents were quantified by relative abundance;Food Science   Nutrition - 2023 - Srinivasan - GC‐MS  alpha‐amylase  and alpha‐glucosidase inhibition and molecular docking.pdf;1;1;1;1;25;25;17;4;5
L348;10.1002/jsf2.158;2023;Romero-Estevez et al.;Exploring fruit lipid diversity in a neglected group of tropical palms: The tribe Phytelepheae;JSFA Reports;3:549-560;"Phytelephas aequatorialis; Aphandra natalia; Ammandra decasperma";Fruit mesocarp oil;Include;Fatty acids, tocochromanols and carotenoids;Species-level lipid means and vitamin pigments were reported;JSFA Reports - 2023 - Romero‐Estévez - Exploring fruit lipid diversity in a neglected group of tropical palms  The tribe.pdf;3;3;3;1;36;12;10;2;2
L349;10.1080/16583655.2023.2254908;2023;Alaida and Aldhebiani;Phytochemical studies on Arecaceae growing in Al-Madinah Al-Munawarah, Saudi Arabia;Journal of Taibah University for Science;17:2254908;"Phoenix dactylifera; Hyphaene thebaica";Leaves;Include;LC-DAD/LC-MS profiling;Eleven phenolics/flavonoids were quantified across 14 date cultivars and doum;Phytochemical studies on Arecaceae growing in Al-Madinah Al-Munawarah  Saudi Arabia.pdf;2;2;2;1;155;11;9;2;4
L350;10.1080/13880209.2023.2200841;2023;Elhefni et al.;Promising anti-Helicobacter pylori and anti-inflammatory metabolites from unused parts of Phoenix dactylifera CV. Zaghloul: in vitro and in silico study;Pharmaceutical Biology;61:657-665;Phoenix dactylifera;Fibrous mesh and fruitless bunch;Include;Isolation and NMR/MS structure elucidation;Eleven compounds were isolated, including new photodactolide A;Promising anti-Helicobacter pylori and anti-inflammatory metabolites from unused parts of Phoenix dactylifera CV  Zaghloul   in vitro and in silico st.pdf;1;1;1;2;11;11;9;3;7
L351;10.1039/d3ra01229h;2023;El-Hawary et al.;Metabolic profiling and biological activity of two Livistona species: L. chinensis and L. australis;RSC Advances;13:14855-14862;"Livistona chinensis; Livistona australis";Leaves and fruits;Include;LC-HR-ESIMS dereplication and isolation;"Forty-four metabolites were profiled; sulfate isomer signals and one tricin sulfate were retained conservatively";d3ra01229h.pdf;1;2;2;2;94;31;18;2;6
L353;10.1080/01480545.2020.1777151;2020;Guex et al.;Tucuma (Astrocaryum aculeatum) extract: phytochemical characterization, acute and subacute oral toxicity studies in Wistar rats;Drug and Chemical Toxicology;Online ahead of print;Astrocaryum aculeatum;Fruit pulp;Include;GC-MS, HPLC-DAD and carotenoid profiling;Twenty-seven compounds were quantified in the n-hexane fraction;guex2020.pdf;1;1;1;1;27;26;18;3;3
L355;10.1016/j.fitote.2023.105515;2023;Zhang et al.;Retro-dihydrochalcones from the resin of Daemonorops draco and their inhibitory activities against renal fibrosis;Fitoterapia;168:105515;Daemonorops draco;Resin;Include;Isolation and structure elucidation;Five new retro-dihydrochalcones, daedracoflavans A-E, were elucidated;1-s2.0-S0367326X23000904-main.pdf;1;1;1;1;5;5;0;1;1
L356;10.1016/j.fitote.2024.105857;2024;Aquino et al.;Antiulcer activity of Mauritia flexuosa L.f. (Arecaceae) pulp oil: An edible Amazonian species with functional properties;Fitoterapia;174:105857;Mauritia flexuosa;Fruit pulp oil;Include;Physicochemical, fatty-acid and GC-MS profiling;Oleic acid represented 77.17% of the oil fatty-acid profile;1-s2.0-S0367326X24000406-main.pdf;1;1;1;1;8;8;4;3;3
L357;10.1016/j.jep.2025.120235;2025;El-Sayed et al.;Chemical profile and in-vivo antiulcer activity of Aiphanes eggersii Burret aerial parts: Involvement of Nrf2/HO-1 activation and NF-kB suppression;Journal of Ethnopharmacology;352:120235;Aiphanes eggersii;Leaves/aerial parts;Include;Isolation and HPLC-ESI-MS/MS profiling;Seven known metabolites were isolated and 51 chromatographic constituents tentatively assigned;1-s2.0-S0378874125009250-main.pdf;1;1;1;1;58;51;34;3;10
L358;10.1016/j.jfca.2023.105155;2023;Heck et al.;Standardization of acai extracts for in-vitro assays based on anthocyanin quantitation;Journal of Food Composition and Analysis;118:105155;Euterpe oleracea;Fruit puree, raw material and supplements;Include;LC-ESI-QTOF-MS anthocyanin quantitation;Four anthocyanins were quantified in 12 extracts at day 0 and day 30;1-s2.0-S0889157523000297-main.pdf;1;1;1;1;4;4;0;1;1
L359;10.1016/j.foodres.2024.114735;2024;Menezes et al.;Fatty acids and volatile compound of cooked green licuri (Syagrus coronata) and naturally ripe licuri almonds from native flora, popularly consumed in Brazil;Food Research International;191:114735;Syagrus coronata;Cooked green and naturally ripe almonds;Include;Proximate, fatty-acid and HS-SPME-GC-MS profiling;Fourteen fatty-acid methyl esters and 36 volatiles were quantified;1-s2.0-S0963996924008056-main.pdf;1;1;1;1;50;49;46;4;6
L360;10.1016/j.heliyon.2024.e39207;2024;Moharram et al.;Chemical characterization, neuroprotective effect, and in-silico evaluation of the petroleum ether extract of three palm tree species against glutamate-induced excitotoxicity in rats;Heliyon;10:e39207;"Aiphanes eggersii; Carpoxylon macrospermum; Jubaeopsis caffra";Leaves;Include;GC-MS profiling;The three petroleum ether extracts yielded 48, 18 and 45 GC-MS annotations;1-s2.0-S2405844024152383-main.pdf;3;3;3;1;111;96;67;5;10
L361;10.1016/j.jafr.2023.100572;2023;Naik et al.;Valorization of tender coconut mesocarp for the formulation of ready-to-eat dairy-based dessert (Kheer): Utilization of industrial by-product;Journal of Agriculture and Food Research;12:100572;Cocos nucifera;Tender fruit mesocarp;Include;HPLC phenolics and class-level assays;Seven phenolic compounds and four class-level antioxidant metrics were quantified;1-s2.0-S2666154323000790-main.pdf;1;1;1;1;7;7;6;1;3
L364;10.1002/cbdv.202400865;2024;Ahmed et al.;"Phytochemical Analysis, and Antioxidant and Hepatoprotective Activities of Chamaerops humilis L. Leaves; A Focus on Xanthine Oxidase";Chemistry & Biodiversity;21:e202400865;Chamaerops humilis;Leaves;Include;Isolation and spectroscopy;Eleven known compounds were isolated by chromatography and elucidated spectroscopically;Chemistry   Biodiversity - 2024 - Ahmed - Phytochemical Analysis  and Antioxidant and Hepatoprotective Activities of.pdf;1;1;1;1;11;11;7;4;7
L365;10.1039/d4ra02705a;2024;Mokhtar et al.;Phytochemical profiling of Livistona carinensis leaf extract via UHPLC-QTOF-MS/MS with assessment of antiviral mechanisms;RSC Advances;14:21300-21306;Livistona carinensis;Leaves;Include;UHPLC-QTOF-MS/MS profiling;"Seventy-two tentative metabolites were reported; exact full identities reside in an unavailable supplement";d4ra02705a.pdf;1;1;1;1;11;11;10;3;6
L366;10.1590/s2175-97902024e23348;2024;Mohamed et al.;Phytochemical Screening and chemical investigation of lipoidal matter of the leaves of Latania verschaffeltii Lem. Family Arecaceae cultivated in Egypt;Brazilian Journal of Pharmaceutical Sciences;60:e23348;Latania verschaffeltii;Leaves;Include;GC-MS lipoidal profiling;Twenty-five fatty-acid derivatives and 28 unsaponifiable constituents were quantified;download.pdf;1;1;1;1;53;53;37;4;7
L369;10.1002/jsfa.12933;2024;Tunin et al.;Method development and validation for analysis of microencapsulated cyanidin-3-O-rutinoside in dairy samples containing jucara palm fruit by high-performance liquid chromatography;Journal of the Science of Food and Agriculture;104:10-13;Euterpe edulis;Fruit crude extract and dairy products;Include;Direct isolation and HPLC quantitation;Cyanidin-3-O-rutinoside was isolated and followed over 21 days in two dairy preparations;J Sci Food Agric - 2023 - Tunin - Method development and validation for analysis of microencapsulated.pdf;1;1;1;1;1;1;1;1;1
L370;10.1016/j.phytochem.2024.114373;2025;Wang et al.;Piperidine and bis-piperidine alkaloids from the peels of Areca catechu and their monoamine oxidases inhibitory activity;Phytochemistry;232:114373;Areca catechu;Fruit peels;Include;Direct isolation and structure elucidation;Eleven new piperidine alkaloids, including four bis-piperidines, were elucidated;1-s2.0-S0031942224004102-main.pdf;1;1;1;1;11;11;0;1;1
L371;10.1016/j.foodchem.2026.148743;2026;Soares et al.;Metabolomics analysis and in vitro and cellular bioactivity after simulated gastrointestinal digestion/Caco-2 cell transport of Amazonian Oenocarpus berries;Food Chemistry;510:148743;"Oenocarpus bacaba; Oenocarpus minor";Fruit pulp;Include;LC-MS/MS metabolomics and class assays;"Six named phenolics were explicit in the main text; the complete top-50 tables were supplementary";1-s2.0-S0308814626009015-main.pdf;1;1;2;1;6;6;5;2;3
L372;10.1016/j.foodchem.2026.150319;2026;Lima et al.;Metabolomic profile of edible Amazonian Arecaceae fruits by FT-ICR-MS: Insights into chemical, nutritional and antioxidant profiles;Food Chemistry;525:150319;"Euterpe oleracea; Bactris gasipaes; Mauritia flexuosa; Oenocarpus bacaba; Astrocaryum aculeatum";Fruit pulp;Include;FT-ICR-MS formula profiling and targeted assays;"More than 10,000 formulas were annotated; folate vitamers and four class metrics were quantified";1-s2.0-S0308814626024799-main.pdf;4;4;4;1;13;5;1;2;2
L376;10.1016/j.bcab.2026.104134;2026;Islam et al.;Comprehensive phytochemical profiling and multimodal evaluation of the antioxidant, analgesic, and anti-inflammatory potential of Rhapis excelsa leaves;Biocatalysis and Agricultural Biotechnology;75:104134;Rhapis excelsa;Leaves;Include;GC-MS and class-level assays;Twenty-eight GC-MS library matches and four phytochemical totals were reported;1-s2.0-S1878818126002173-main.pdf;1;1;1;1;28;28;20;3;4
L377;10.1016/j.fochms.2025.100289;2025;Fang et al.;Targeted metabolomic and transcriptomic reveal the regulatory network of ultrasound on polyphenol biosynthesis in tender coconut flesh during storage;Food Chemistry: Molecular Sciences;11:100289;Cocos nucifera;Tender fruit flesh;Include;Targeted UPLC-MS/MS quantitation;Thirty-six polyphenols were quantified in five treatment/time groups;1-s2.0-S2666566225000504-main.pdf;1;1;1;1;36;36;32;2;9
L378;10.1016/j.afres.2026.102362;2026;Hasan et al.;Low-calorie fruit spread from palmyra palm fruit: Effect of stevia on proximate composition, physicochemical properties, bioactive compounds, and sensory properties;Applied Food Research;6:102362;Borassus flabellifer;Fruit pulp and spreads;Include;Food-composition and class-level assays;Vitamin C and class-level bioactives were quantified in pulp and three spreads;1-s2.0-S277250222600702X-main.pdf;1;1;1;1;1;1;1;1;1
L381;10.1002/cbdv.202503245;2026;Araújo et al.;Modifying Effect of the Antibiotic Action, Membrane Permeability, and ADMET/Toxicity Profile of the Fixed Oil From the Pulp of Mauritia Flexuosa F.L. (Arecaceae);Chemistry & Biodiversity;23:e202503245;Mauritia flexuosa;Fruit pulp fixed oil;Include;GC-MS after transesterification;Five constituents accounted for 95.39% of the fixed-oil chromatogram;Chemistry   Biodiversity - 2026 - Araújo - Modifying Effect of the Antibiotic Action  Membrane Permeability  and ADMET.pdf;1;1;1;1;5;5;5;1;1
L383;10.1111/1750-3841.70026;2025;Heriyanto et al.;Comparison of major carotenoid composition in palm fruits (Arecaceae): An analysis of oil palm fruits and the colored exocarp fruits of four palm species;Journal of Food Science;90:2;"Ptychosperma macarthurii; Adonidia merrillii; Phoenix loureiroi; Wodyetia bifurcata; Elaeis guineensis";Fruit exocarp and mesocarp;Include;HPLC and LC-MS/MS carotenoid quantitation;Lutein, alpha-carotene, beta-carotene and lycopene were quantified in five species;Journal of Food Science - 2025 - Heriyanto - Comparison of major carotenoid composition in palm fruits  Arecaceae   An.pdf;5;5;5;1;20;4;2;2;2
L385;10.3305/nh.2015.32.2.8885;2015;Cardoso et al.;Chemical composition, characterization of anthocyanins and antioxidant potential of Euterpe edulis fruits: applicability on genetic dyslipidemia and hepatic steatosis in mice;Nutricion Hospitalaria;32(2):702-709;Euterpe edulis;Lyophilized fruit pulp;Include;HPLC-ESI-MS anthocyanins, proximate composition and antioxidant assay;Six anthocyanins, proximate composition and total monomeric anthocyanins were reported;30originalalimentosfuncionales02.pdf;1;1;1;1;6;6;0;1;1
L387;10.1080/14786419.2025.2598056;2025;Mohamed et al.;Unveiling the therapeutic potential of Latania verschaffeltii Lem. (Arecaceae): phytochemical profiling, antioxidant and antiproliferative activities, and computational evaluations;Natural Product Research;Online ahead of print:1-14;Latania verschaffeltii;Leaves;Include;Direct isolation, NMR/IR/UV and bioactivity assays;"Six named constituents were directly isolated; roseoside was reported for the first time in Arecaceae";f1e20775-66ac-4a8b-9b43-9080a00cf01f.pdf;1;1;1;1;6;6;4;2;4
L388;10.1080/14786419.2025.2570505;2025;Fodil et al.;Chemical constituents and antimicrobial activity of the waste of date palm (Phoenix dactylifera L., Arecaceae);Natural Product Research;Supplementary material;Phoenix dactylifera;"Leaves; stem fiber; empty fruit bunch";Include;HPLC-DAD with authentic standards and class assays;Fourteen organ-specific phenolic measurements and exact total phenolic/flavonoid contents were recovered from the supplied supplement;gnpl_a_2570505_sm3513_httpsdoi.org10.108014786419.2025.2570505.pdf;1;1;1;3;14;6;6;1;3
L389;10.1080/10286020.2024.2372383;2025;Zhang et al.;Bis-piperidine alkaloids from the peels of Areca catechu;Journal of Asian Natural Products Research;27(1):11-17;Areca catechu;Fruit peels;Include;Direct isolation with UV, IR, HRESIMS and NMR;Four previously undescribed alkaloids, arecatines A-D, were structurally elucidated;retrieve.pdf;1;1;1;1;4;4;0;1;1
